subject,trialAcc,macroF1,kappa,ITR
1,0.6145833333333334,0.6086756202675144,0.48611111111111116,0.4273510608823541
2,0.3680555555555556,0.3206960719474581,0.15740740740740744,0.04922436511536632
3,0.6770833333333334,0.6734738033960135,0.5694444444444444,0.580664123721415
4,0.4479166666666667,0.4010708644942489,0.26388888888888884,0.13280995767278636
5,0.3263888888888889,0.22980314918429912,0.10185185185185186,0.02115735377330008
6,0.40625,0.3801781071738649,0.20833333333333337,0.08443911179876107
7,0.4895833333333333,0.48304136813975646,0.3194444444444444,0.19132183110340129
8,0.6284722222222222,0.6348936458959029,0.5046296296296297,0.459304462202893
9,0.5833333333333334,0.5844927231983241,0.4444444444444444,0.35973020138169876
