mean_trialAcc,std_trialAcc,median_trialAcc,iqr_trialAcc,mean_macroF1,std_macroF1
0.5046296296296295,0.11874571322852415,0.4895833333333333,0.20833333333333337,0.47959170596637585,0.14646898516835016
