subject,trialAcc,macroF1,kappa,ITR
1,0.6284722222222222,0.6219081214042916,0.5046296296296297,0.459304462202893
2,0.4479166666666667,0.4162273407080787,0.26388888888888884,0.13280995767278636
3,0.7847222222222222,0.7844121540767642,0.712962962962963,0.9073421572559758
4,0.53125,0.5050763967279944,0.375,0.2598684288926938
5,0.4583333333333333,0.37421990932629223,0.2777777777777778,0.14649381725673694
6,0.3854166666666667,0.35430762872644295,0.18055555555555558,0.06413048780042252
7,0.6944444444444444,0.6946976473139265,0.5925925925925926,0.6277295830422893
8,0.7222222222222222,0.7167836630192769,0.6296296296296297,0.7073274600390893
9,0.6006944444444444,0.5994575659791274,0.46759259259259256,0.3965727473661025
