subject,trialAcc,macroF1,kappa,ITR
1,0.6111111111111112,0.6101465198976284,0.4814814814814815,0.4195469293557659
2,0.3506944444444444,0.32459215622682636,0.1342592592592593,0.036188318425962374
3,0.7291666666666666,0.7218332911893401,0.6388888888888888,0.7280814455191145
4,0.4444444444444444,0.43318041570472177,0.2592592592592593,0.1283892175389134
5,0.4444444444444444,0.34912959902817914,0.2592592592592593,0.1283892175389134
6,0.4201388888888889,0.4146241051280056,0.22685185185185186,0.09942336985268607
7,0.5659722222222222,0.5645878420344606,0.4212962962962963,0.32467712401700033
8,0.5763888888888888,0.567162681786109,0.43518518518518523,0.34549540028782855
9,0.4791666666666667,0.4766336552448428,0.3055555555555556,0.17575139960489605
