mean_trialAcc,std_trialAcc,median_trialAcc,iqr_trialAcc,mean_macroF1,std_macroF1
0.5135030864197532,0.10989209341690356,0.4791666666666667,0.13194444444444442,0.49576558513779034,0.12278842849486747
