subject,trialAcc,macroF1,kappa,ITR
1,0.71875,0.7186097860160829,0.625,0.6970808592438031
2,0.4444444444444444,0.40688323118284625,0.2592592592592593,0.1283892175389134
3,0.7881944444444444,0.7821057218806535,0.7175925925925926,0.9193762890520739
4,0.6006944444444444,0.5913932396119638,0.46759259259259256,0.3965727473661025
5,0.5902777777777778,0.5442279942279943,0.4537037037037037,0.37425126204036174
6,0.4722222222222222,0.45085374368551445,0.2962962962962963,0.1657195414182968
7,0.7465277777777778,0.7461736738434859,0.662037037037037,0.7815208072636973
8,0.7951388888888888,0.7907284982520093,0.7268518518518519,0.9437584007938005
9,0.625,0.6186314833891801,0.5,0.45120505930460153
