mean_trialAcc,std_trialAcc,median_trialAcc,iqr_trialAcc,mean_macroF1,std_macroF1
0.4853395061728395,0.10100364640650582,0.46875,0.16666666666666669,0.4606106353012682,0.11695801133207599
