mean_trialAcc,std_trialAcc,median_trialAcc,iqr_trialAcc,mean_macroF1,std_macroF1
0.410108024691358,0.1095624672622267,0.3645833333333333,0.12152777777777779,0.3625086172918428,0.13174653061043357
