subject,trialAcc,macroF1,kappa,ITR
1,0.7118055555555556,0.7012883779867467,0.6157407407407407,0.6768451570318379
2,0.4375,0.4126736354572353,0.25,0.11975918505585215
3,0.7708333333333334,0.7582396161114036,0.6944444444444444,0.8602236414736084
4,0.5625,0.5615483233160294,0.41666666666666663,0.3178794976459969
5,0.5694444444444444,0.5663480552437751,0.42592592592592593,0.3315455581268365
6,0.4826388888888889,0.4746197292421679,0.31018518518518523,0.18087189456455333
7,0.6944444444444444,0.6898616472431085,0.5925925925925926,0.6277295830422893
8,0.7291666666666666,0.7369634809413492,0.6388888888888888,0.7280814455191145
9,0.6840277777777778,0.6789961622407517,0.5787037037037037,0.5992483774651955
