mean_trialAcc,std_trialAcc,median_trialAcc,iqr_trialAcc,mean_macroF1,std_macroF1
0.6269290123456791,0.11072598076967251,0.6840277777777778,0.14930555555555558,0.6200598919758408,0.11458833885159561
