subject,trialAcc,macroF1,kappa,ITR
1,0.6527777777777778,0.6520652356685648,0.537037037037037,0.5181030298797455
2,0.4270833333333333,0.4230608695084312,0.23611111111111116,0.10734457108649087
3,0.7534722222222222,0.7426736290782933,0.6712962962962963,0.8035344616621402
4,0.5347222222222222,0.5271718698570624,0.37962962962962965,0.2660336919317201
5,0.5173611111111112,0.5062479292564995,0.3564814814814815,0.23590531472848264
6,0.3888888888888889,0.37966648735879505,0.18518518518518523,0.06733304030661968
7,0.6597222222222222,0.655990152816828,0.5462962962962963,0.5355882111809418
8,0.6736111111111112,0.6458960808694852,0.5648148148148149,0.5714915554125906
9,0.7013888888888888,0.7043481458922636,0.6018518518518519,0.6471260866070748
