mean_trialAcc,std_trialAcc,median_trialAcc,iqr_trialAcc,mean_macroF1,std_macroF1
0.589891975308642,0.1202973920114961,0.6527777777777778,0.15625,0.5819022667006915,0.1202757870931802
