subject,trialAcc,macroF1,kappa,ITR
1,0.625,0.622720168436281,0.5,0.45120505930460153
2,0.40625,0.3919615981304293,0.20833333333333337,0.08443911179876107
3,0.6944444444444444,0.6966641482197464,0.5925925925925926,0.6277295830422893
4,0.4618055555555556,0.41609765490133593,0.28240740740740744,0.15119534274999946
5,0.4236111111111111,0.3565912953708139,0.2314814814814815,0.10334835156654076
6,0.3993055555555556,0.3814354522300001,0.19907407407407407,0.0773789104153142
7,0.5034722222222222,0.4882867672062696,0.3379629629629629,0.2130568791422356
8,0.5972222222222222,0.5961905701439709,0.4629629629629629,0.3890600095295802
9,0.4895833333333333,0.48275410591587065,0.3194444444444444,0.19132183110340129
