mean_trialAcc,std_trialAcc,median_trialAcc,iqr_trialAcc,mean_macroF1,std_macroF1
0.5111882716049382,0.09894009440131044,0.4895833333333333,0.1736111111111111,0.4925224178394131,0.11365471766817241
