subject,trialAcc,macroF1,kappa,ITR
1,0.6388888888888888,0.6372727157537285,0.5185185185185186,0.48405079899575587
2,0.40625,0.38503237026000514,0.20833333333333337,0.08443911179876107
3,0.6527777777777778,0.6528594212804739,0.537037037037037,0.5181030298797455
4,0.5,0.4677554369370615,0.33333333333333337,0.20751874963942196
5,0.3715277777777778,0.2940635278518299,0.1620370370370371,0.052057152989817945
6,0.4722222222222222,0.47135373419020343,0.2962962962962963,0.1657195414182968
7,0.4618055555555556,0.45141350030386573,0.28240740740740744,0.15119534274999946
8,0.5972222222222222,0.6022246894863508,0.4629629629629629,0.3890600095295802
9,0.5381944444444444,0.5184172407837139,0.3842592592592593,0.27226886711064346
