mean_trialAcc,std_trialAcc,median_trialAcc,iqr_trialAcc,mean_macroF1,std_macroF1
0.5154320987654322,0.09364436079385431,0.5,0.13541666666666663,0.497821404094137,0.1119546144827033
