subject,trialAcc,macroF1,kappa,ITR
1,0.6458333333333334,0.6413939793435529,0.5277777777777778,0.5009248203411198
2,0.3645833333333333,0.3444918687933803,0.1527777777777778,0.04646636011654537
3,0.7638888888888888,0.7594768439108063,0.6851851851851851,0.837259582347304
4,0.4548611111111111,0.4367156756670113,0.27314814814814814,0.1418623532943888
5,0.3923611111111111,0.2789786781758236,0.18981481481481477,0.07060878222911637
6,0.4583333333333333,0.44824062243545604,0.2777777777777778,0.14649381725673694
7,0.5659722222222222,0.5647365633822838,0.4212962962962963,0.32467712401700033
8,0.59375,0.5817166260904849,0.45833333333333337,0.3816195806839777
9,0.5,0.5011705015113195,0.33333333333333337,0.20751874963942196
