mean_trialAcc,std_trialAcc,median_trialAcc,iqr_trialAcc,mean_macroF1,std_macroF1
0.5266203703703705,0.1208147069509249,0.5,0.1388888888888889,0.5063245954789021,0.14045459032297558
