subject,trialAcc,macroF1,kappa,ITR
1,0.59375,0.5849737035170064,0.45833333333333337,0.3816195806839777
2,0.3680555555555556,0.3339185739273077,0.15740740740740744,0.04922436511536632
3,0.6909722222222222,0.6865301383653859,0.587962962962963,0.6181545550855092
4,0.4826388888888889,0.45271598071931773,0.31018518518518523,0.18087189456455333
5,0.375,0.32312481633852486,0.16666666666666663,0.05496443412431229
6,0.4791666666666667,0.4567737847625609,0.3055555555555556,0.17575139960489605
7,0.4930555555555556,0.47952388483326563,0.32407407407407407,0.19665121890789106
8,0.5833333333333334,0.5668856360603933,0.4444444444444444,0.35973020138169876
9,0.4722222222222222,0.43924648212902007,0.2962962962962963,0.1657195414182968
