mean_trialAcc,std_trialAcc,median_trialAcc,iqr_trialAcc,mean_macroF1,std_macroF1
0.5042438271604939,0.09811071331674333,0.4826388888888889,0.11111111111111116,0.4804103334058647,0.11061260318713687
