subject,trialAcc,macroF1,kappa,ITR
1,0.6041666666666666,0.5902742563977601,0.4722222222222222,0.40415800137104685
2,0.4131944444444444,0.3894835914248919,0.21759259259259256,0.09178776225025342
3,0.71875,0.7091854255754855,0.625,0.6970808592438031
4,0.5,0.4697737637922289,0.33333333333333337,0.20751874963942196
5,0.4444444444444444,0.37234832454891703,0.2592592592592593,0.1283892175389134
6,0.4375,0.4368378368361765,0.25,0.11975918505585215
7,0.5763888888888888,0.5802505284366927,0.43518518518518523,0.34549540028782855
8,0.6805555555555556,0.6817806402507985,0.5740740740740741,0.5899162462572696
9,0.5868055555555556,0.5736000349255292,0.44907407407407407,0.3669548630698991
