mean_trialAcc,std_trialAcc,median_trialAcc,iqr_trialAcc,mean_macroF1,std_macroF1
0.5513117283950617,0.10301287157859083,0.5763888888888888,0.1597222222222222,0.5337260446876089,0.11546244866957021
