subject,trialAcc,macroF1,kappa,ITR
1,0.5520833333333334,0.5389152008671554,0.4027777777777778,0.29791021816457364
2,0.3923611111111111,0.3623367416124098,0.18981481481481477,0.07060878222911637
3,0.5659722222222222,0.5598557692307693,0.4212962962962963,0.32467712401700033
4,0.3645833333333333,0.35835334171437205,0.1527777777777778,0.04646636011654537
5,0.3680555555555556,0.34996792861828563,0.15740740740740744,0.04922436511536632
6,0.3402777777777778,0.33047483263707883,0.12037037037037035,0.029280745672794595
7,0.6215277777777778,0.6124312807683289,0.49537037037037035,0.44317986992012126
8,0.4791666666666667,0.4599355519106185,0.3055555555555556,0.17575139960489605
9,0.4965277777777778,0.4962830326756341,0.3287037037037037,0.20205019510945
