mean_trialAcc,std_trialAcc,median_trialAcc,iqr_trialAcc,mean_macroF1,std_macroF1
0.4645061728395061,0.09648610458264917,0.4791666666666667,0.1840277777777778,0.45206152000385025,0.09940788436065881
