subject,trialAcc,macroF1,kappa,ITR
1,0.5486111111111112,0.5458899243594068,0.39814814814814814,0.291394612488004
2,0.34375,0.318142539112031,0.125,0.031506286506873815
3,0.6944444444444444,0.6724034872516411,0.5925925925925926,0.6277295830422893
4,0.4444444444444444,0.4106044670908688,0.2592592592592593,0.1283892175389134
5,0.4444444444444444,0.33826884816348385,0.2592592592592593,0.1283892175389134
6,0.4236111111111111,0.41821617493226415,0.2314814814814815,0.10334835156654076
7,0.5416666666666666,0.54485246306771,0.38888888888888884,0.27857402565016676
8,0.5902777777777778,0.5924564091195313,0.4537037037037037,0.37425126204036174
9,0.5208333333333334,0.5135216901951765,0.36111111111111116,0.24179150380161096
