mean_trialAcc,std_trialAcc,median_trialAcc,iqr_trialAcc,mean_macroF1,std_macroF1
0.505787037037037,0.09810009305748653,0.5208333333333334,0.10416666666666674,0.4838173336991237,0.11260746147315115
