subject,trialAcc,macroF1,kappa,ITR
1,0.4756944444444444,0.41229882322402,0.30092592592592593,0.17070060062291148
2,0.2465277777777778,0.21093715578140373,-0.004629629629629539,4.6527268776186403e-05
3,0.3680555555555556,0.3226550648309815,0.15740740740740744,0.04922436511536632
4,0.3506944444444444,0.3005431381351562,0.1342592592592593,0.036188318425962374
5,0.3159722222222222,0.22113553113553114,0.08796296296296291,0.015894123727547838
6,0.3055555555555556,0.29497579844010907,0.07407407407407407,0.011355277206284375
7,0.2743055555555556,0.26580998265427785,0.03240740740740744,0.0022263008499583403
8,0.4166666666666667,0.3978436317396729,0.2222222222222222,0.09556978459483934
9,0.4305555555555556,0.40625651297964477,0.2407407407407407,0.11141187747112058
