mean_trialAcc,std_trialAcc,median_trialAcc,iqr_trialAcc,mean_macroF1,std_macroF1
0.35378086419753085,0.0718794625792359,0.3506944444444444,0.1111111111111111,0.3147172932134219,0.07256032093128453
