subject,trialAcc,macroF1,kappa,ITR
1,0.7013888888888888,0.702699366431493,0.6018518518518519,0.6471260866070748
2,0.4097222222222222,0.3619531128776214,0.2129629629629629,0.08807747718793091
3,0.7152777777777778,0.7120354426747022,0.6203703703703703,0.6869203038330037
4,0.5520833333333334,0.5474420255556247,0.4027777777777778,0.29791021816457364
5,0.5069444444444444,0.4269554899556256,0.34259259259259256,0.2186645869734627
6,0.5034722222222222,0.5055395919670178,0.3379629629629629,0.2130568791422356
7,0.7152777777777778,0.7100356572536698,0.6203703703703703,0.6869203038330037
8,0.7951388888888888,0.7930407827466651,0.7268518518518519,0.9437584007938005
9,0.6458333333333334,0.6447807389551061,0.5277777777777778,0.5009248203411198
