mean_trialAcc,std_trialAcc,median_trialAcc,iqr_trialAcc,mean_macroF1,std_macroF1
0.6161265432098765,0.12072720336453047,0.6458333333333334,0.20833333333333337,0.6004980231575028,0.13855227837166761
