subject,trialAcc,macroF1,kappa,ITR
1,0.7152777777777778,0.7109339721863397,0.6203703703703703,0.6869203038330037
2,0.4166666666666667,0.36994715810505285,0.2222222222222222,0.09556978459483934
3,0.8229166666666666,0.822321206677118,0.7638888888888888,1.0456748419349609
4,0.5486111111111112,0.532939775698932,0.39814814814814814,0.291394612488004
5,0.6770833333333334,0.679406806827922,0.5694444444444444,0.580664123721415
6,0.4409722222222222,0.44431803770246026,0.25462962962962965,0.12403892210078582
7,0.7083333333333334,0.7086679454698467,0.6111111111111112,0.6668548013876316
8,0.7291666666666666,0.7261027170469896,0.6388888888888888,0.7280814455191145
9,0.71875,0.7208346639518275,0.625,0.6970808592438031
