mean_trialAcc,std_trialAcc,median_trialAcc,iqr_trialAcc,mean_macroF1,std_macroF1
0.6419753086419753,0.13213157259624433,0.7083333333333334,0.17013888888888884,0.6350524759629432,0.14179418269586982
