subject,trialAcc,macroF1,kappa,ITR
1,0.6145833333333334,0.613596922452674,0.48611111111111116,0.4273510608823541
2,0.3680555555555556,0.3315059674430824,0.15740740740740744,0.04922436511536632
3,0.6701388888888888,0.6641271040460506,0.5601851851851851,0.5623981006954295
4,0.4270833333333333,0.37253038735855365,0.23611111111111116,0.10734457108649087
5,0.3194444444444444,0.22157372296585515,0.09259259259259256,0.017568676552407902
6,0.4131944444444444,0.39605802381247346,0.21759259259259256,0.09178776225025342
7,0.4861111111111111,0.4750294502617801,0.31481481481481477,0.18606204848355135
8,0.625,0.6312041462005791,0.5,0.45120505930460153
9,0.5798611111111112,0.5808673997054499,0.43981481481481477,0.3525771026067599
