mean_trialAcc,std_trialAcc,median_trialAcc,iqr_trialAcc,mean_macroF1,std_macroF1
0.5003858024691358,0.11885220996192461,0.4861111111111111,0.20138888888888895,0.4762770138051665,0.14610437912212212
