subject,trialAcc,macroF1,kappa,ITR
1,0.6458333333333334,0.6422110174782807,0.5277777777777778,0.5009248203411198
2,0.4236111111111111,0.3988920238920239,0.2314814814814815,0.10334835156654076
3,0.65625,0.6501583170831553,0.5416666666666667,0.526807067982235
4,0.4201388888888889,0.37508477695004344,0.22685185185185186,0.09942336985268607
5,0.3888888888888889,0.2796447640841233,0.18518518518518523,0.06733304030661968
6,0.4340277777777778,0.434702015536362,0.24537037037037035,0.11555012739406978
7,0.46875,0.45867548355509835,0.29166666666666663,0.16080827259762165
8,0.6597222222222222,0.6657311251392164,0.5462962962962963,0.5355882111809418
9,0.5173611111111112,0.4935254152707771,0.3564814814814815,0.23590531472848264
