mean_trialAcc,std_trialAcc,median_trialAcc,iqr_trialAcc,mean_macroF1,std_macroF1
0.5127314814814815,0.10536858034019485,0.46875,0.22222222222222227,0.48873610433212,0.12888106053018178
