subject,trialAcc,macroF1,kappa,ITR
1,0.6319444444444444,0.6213018083932567,0.5092592592592593,0.46747835836122675
2,0.4375,0.4182119901367545,0.25,0.11975918505585215
3,0.7326388888888888,0.732956041825694,0.6435185185185186,0.7385902065271126
4,0.46875,0.4198500024280851,0.29166666666666663,0.16080827259762165
5,0.4027777777777778,0.2775246548323471,0.20370370370370372,0.0808728566115775
6,0.4270833333333333,0.4196384788253469,0.23611111111111116,0.10734457108649087
7,0.5034722222222222,0.49830293422919325,0.3379629629629629,0.2130568791422356
8,0.6284722222222222,0.6368456812005199,0.5046296296296297,0.459304462202893
9,0.5659722222222222,0.572420773315914,0.4212962962962963,0.32467712401700033
