mean_trialAcc,std_trialAcc,median_trialAcc,iqr_trialAcc,mean_macroF1,std_macroF1
0.533179012345679,0.1065331888231796,0.5034722222222222,0.1909722222222222,0.5107835961319012,0.13373980355610243
