subject,trialAcc,macroF1,kappa,ITR
1,0.4895833333333333,0.4545763022743947,0.3194444444444444,0.19132183110340129
2,0.2569444444444444,0.2199671522278459,0.0092592592592593,0.00018440478011960693
3,0.3506944444444444,0.28011472035322726,0.1342592592592593,0.036188318425962374
4,0.3298611111111111,0.23087652640347847,0.10648148148148151,0.02307058308892551
5,0.2881944444444444,0.1732142857142857,0.05092592592592593,0.005437431031903417
6,0.2777777777777778,0.24439075911376193,0.03703703703703709,0.0028996819407973717
7,0.2361111111111111,0.20339583841910533,-0.0185185185185186,0.0007515958555828206
8,0.3645833333333333,0.3182613947441766,0.1527777777777778,0.04646636011654537
9,0.3923611111111111,0.3577441553544495,0.18981481481481477,0.07060878222911637
