mean_trialAcc,std_trialAcc,median_trialAcc,iqr_trialAcc,mean_macroF1,std_macroF1
0.33179012345679015,0.07422061443783216,0.3298611111111111,0.08680555555555552,0.2758379038449695,0.08325699299946203
