mean_trialAcc,std_trialAcc,median_trialAcc,iqr_trialAcc,mean_macroF1,std_macroF1
0.5991512345679012,0.13320860363926892,0.6111111111111112,0.20486111111111105,0.5776810581551306,0.15015248491948496
