subject,trialAcc,macroF1,kappa,ITR
1,0.4965277777777778,0.46779889815238496,0.3287037037037037,0.20205019510945
2,0.2708333333333333,0.23230008405887803,0.02777777777777779,0.00164029935525134
3,0.3541666666666667,0.32372743519139197,0.13888888888888884,0.03864409096411592
4,0.3611111111111111,0.3171714266995745,0.14814814814814814,0.04378343768432358
5,0.2881944444444444,0.21392514345040964,0.05092592592592593,0.005437431031903417
6,0.3368055555555556,0.322573746358739,0.1157407407407407,0.027132686784210325
7,0.3055555555555556,0.2691205077598705,0.07407407407407407,0.011355277206284375
8,0.4444444444444444,0.4276236568432576,0.2592592592592593,0.1283892175389134
9,0.4236111111111111,0.4013779414825337,0.2314814814814815,0.10334835156654076
