mean_trialAcc,std_trialAcc,median_trialAcc,iqr_trialAcc,mean_macroF1,std_macroF1
0.3645833333333333,0.07170323380432193,0.3541666666666667,0.11805555555555552,0.33062431555522664,0.08205299262414788
