mean_trialAcc,std_trialAcc,median_trialAcc,iqr_trialAcc,mean_macroF1,std_macroF1
0.6145833333333333,0.11570601330862211,0.6493055555555556,0.19444444444444448,0.608147811905569,0.11473817319044777
