mean_trialAcc,std_trialAcc,median_trialAcc,iqr_trialAcc,mean_macroF1,std_macroF1
0.59375,0.12517135032033122,0.6006944444444444,0.22222222222222215,0.5867637425736979,0.12539672085171177
