subject,trialAcc,macroF1,kappa,ITR
1,0.6701388888888888,0.6665323710109244,0.5601851851851851,0.5623981006954295
2,0.5451388888888888,0.5284389213775178,0.3935185185185185,0.2849492457206042
3,0.8368055555555556,0.8364666364875151,0.7824074074074074,1.0994457226076024
4,0.4618055555555556,0.4534645421868653,0.28240740740740744,0.15119534274999946
5,0.5798611111111112,0.5688056050653155,0.43981481481481477,0.3525771026067599
6,0.5069444444444444,0.5135367855265439,0.34259259259259256,0.2186645869734627
7,0.5902777777777778,0.5786486269747068,0.4537037037037037,0.37425126204036174
8,0.7222222222222222,0.7216257240333388,0.6296296296296297,0.7073274600390893
9,0.6319444444444444,0.6232359485078096,0.5092592592592593,0.46747835836122675
