mean_trialAcc,std_trialAcc,median_trialAcc,iqr_trialAcc,mean_macroF1,std_macroF1
0.6161265432098766,0.10846471228892333,0.5902777777777778,0.125,0.6100839067967264,0.11068427232437465
