subject,trialAcc,macroF1,kappa,ITR
1,0.59375,0.5893735827664399,0.45833333333333337,0.3816195806839777
2,0.3715277777777778,0.3455272731377729,0.1620370370370371,0.052057152989817945
3,0.7465277777777778,0.7421973952107478,0.662037037037037,0.7815208072636973
4,0.4548611111111111,0.43143835390765717,0.27314814814814814,0.1418623532943888
5,0.4097222222222222,0.3005023737859559,0.2129629629629629,0.08807747718793091
6,0.4756944444444444,0.4703114910972681,0.30092592592592593,0.17070060062291148
7,0.5659722222222222,0.5679268055683411,0.4212962962962963,0.32467712401700033
8,0.6215277777777778,0.6152332920304175,0.49537037037037035,0.44317986992012126
9,0.4722222222222222,0.4674709228824273,0.2962962962962963,0.1657195414182968
