mean_trialAcc,std_trialAcc,median_trialAcc,iqr_trialAcc,mean_macroF1,std_macroF1
0.5235339506172839,0.11143348509818704,0.4756944444444444,0.1388888888888889,0.5033312767096697,0.1311239766839811
