subject,trialAcc,macroF1,kappa,ITR
1,0.4722222222222222,0.44570193807998687,0.2962962962962963,0.1657195414182968
2,0.2465277777777778,0.21821313574362355,-0.004629629629629539,4.6527268776186403e-05
3,0.4201388888888889,0.3700248199123738,0.22685185185185186,0.09942336985268607
4,0.3125,0.24723607071966025,0.08333333333333337,0.01430004821964781
5,0.3020833333333333,0.20253437494816806,0.06944444444444442,0.010005593768977805
6,0.3333333333333333,0.29297853933576173,0.11111111111111116,0.025062498798072985
7,0.2534722222222222,0.22269092914254207,0.00462962962962965,4.624093590543943e-05
8,0.4201388888888889,0.4051830809510391,0.22685185185185186,0.09942336985268607
9,0.375,0.3441414740169927,0.16666666666666663,0.05496443412431229
