mean_trialAcc,std_trialAcc,median_trialAcc,iqr_trialAcc,mean_macroF1,std_macroF1
0.3483796296296296,0.07407407407407408,0.3333333333333333,0.11805555555555558,0.3054115958722387,0.0842480312287272
