subject,trialAcc,macroF1,kappa,ITR
1,0.6319444444444444,0.6287401759288751,0.5092592592592593,0.46747835836122675
2,0.4375,0.42484583051116986,0.25,0.11975918505585215
3,0.6875,0.6790306540306541,0.5833333333333333,0.6086609859900811
4,0.5208333333333334,0.4945520363757001,0.36111111111111116,0.24179150380161096
5,0.4618055555555556,0.3821722075388728,0.28240740740740744,0.15119534274999946
6,0.4444444444444444,0.4465360576923077,0.2592592592592593,0.1283892175389134
7,0.5659722222222222,0.5665332328335506,0.4212962962962963,0.32467712401700033
8,0.6805555555555556,0.6795273230335781,0.5740740740740741,0.5899162462572696
9,0.6006944444444444,0.5912263455746041,0.46759259259259256,0.3965727473661025
