mean_trialAcc,std_trialAcc,median_trialAcc,iqr_trialAcc,mean_macroF1,std_macroF1
0.5590277777777778,0.09260705905508108,0.5659722222222222,0.17013888888888884,0.543684873724368,0.10480101911418667
