subject,trialAcc,macroF1,kappa,ITR
1,0.6805555555555556,0.6738403787965654,0.5740740740740741,0.5899162462572696
2,0.4340277777777778,0.3909349193394594,0.24537037037037035,0.11555012739406978
3,0.7048611111111112,0.696880907875137,0.6064814814814814,0.6569486381375391
4,0.5,0.443234912758805,0.33333333333333337,0.20751874963942196
5,0.4652777777777778,0.4158849543377975,0.2870370370370371,0.15596685160386214
6,0.3611111111111111,0.3093944599411378,0.14814814814814814,0.04378343768432358
7,0.6354166666666666,0.6368917205956651,0.5138888888888888,0.47572703739519207
8,0.7395833333333334,0.7384302829588842,0.6527777777777778,0.759874871270215
9,0.5138888888888888,0.4959260217965862,0.35185185185185186,0.23008878461469462
