mean_trialAcc,std_trialAcc,median_trialAcc,iqr_trialAcc,mean_macroF1,std_macroF1
0.5594135802469137,0.1263053885374713,0.5138888888888888,0.2152777777777778,0.5334909509333374,0.14644528560784564
