mean_trialAcc,std_trialAcc,median_trialAcc,iqr_trialAcc,mean_macroF1,std_macroF1
0.5960648148148149,0.1290288658275165,0.6006944444444444,0.18055555555555558,0.5793177491467394,0.14234894069436974
