subject,trialAcc,macroF1,kappa,ITR
1,0.6527777777777778,0.6435185185185185,0.537037037037037,0.5181030298797455
2,0.3888888888888889,0.38147195296562386,0.18518518518518523,0.06733304030661968
3,0.6805555555555556,0.6802713675213676,0.5740740740740741,0.5899162462572696
4,0.4583333333333333,0.4005704774779284,0.2777777777777778,0.14649381725673694
5,0.3958333333333333,0.3261452152467463,0.19444444444444442,0.07395748038747274
6,0.4097222222222222,0.3846574267441014,0.2129629629629629,0.08807747718793091
7,0.4618055555555556,0.4504498545934824,0.28240740740740744,0.15119534274999946
8,0.6041666666666666,0.6087469968224444,0.4722222222222222,0.40415800137104685
9,0.5138888888888888,0.47806314103033243,0.35185185185185186,0.23008878461469462
