subject,trialAcc,macroF1,kappa,ITR
1,0.6180555555555556,0.6164004879503514,0.4907407407407407,0.4352286239757577
2,0.3541666666666667,0.3167539834206501,0.13888888888888884,0.03864409096411592
3,0.6180555555555556,0.5967099358612525,0.4907407407407407,0.4352286239757577
4,0.3923611111111111,0.3362166567600552,0.18981481481481477,0.07060878222911637
5,0.2777777777777778,0.16202161240524413,0.03703703703703709,0.0028996819407973717
6,0.4583333333333333,0.41997114349667314,0.2777777777777778,0.14649381725673694
7,0.4895833333333333,0.46558656251070685,0.3194444444444444,0.19132183110340129
8,0.6041666666666666,0.6061854206769848,0.4722222222222222,0.40415800137104685
9,0.4930555555555556,0.4523106003513132,0.32407407407407407,0.19665121890789106
