mean_trialAcc,std_trialAcc,median_trialAcc,iqr_trialAcc,mean_macroF1,std_macroF1
0.5073302469135802,0.10595740147195006,0.4618055555555556,0.19444444444444442,0.4837661056578383,0.1215411921279585
