mean_trialAcc,std_trialAcc,median_trialAcc,iqr_trialAcc,mean_macroF1,std_macroF1
0.478395061728395,0.11482015577315942,0.4895833333333333,0.21180555555555552,0.44135071149258126,0.14442077238248946
