subject,trialAcc,macroF1,kappa,ITR
1,0.5659722222222222,0.5624890137757499,0.4212962962962963,0.32467712401700033
2,0.4340277777777778,0.43443854321586883,0.24537037037037035,0.11555012739406978
3,0.6597222222222222,0.6583266342209853,0.5462962962962963,0.5355882111809418
4,0.3680555555555556,0.3061268475260859,0.15740740740740744,0.04922436511536632
5,0.2638888888888889,0.12851000351000352,0.01851851851851849,0.000733252850137367
6,0.4652777777777778,0.4426154525689159,0.2870370370370371,0.15596685160386214
7,0.6041666666666666,0.598391812865497,0.4722222222222222,0.40415800137104685
8,0.5694444444444444,0.5695271666404953,0.42592592592592593,0.3315455581268365
9,0.4826388888888889,0.46214265018624545,0.31018518518518523,0.18087189456455333
