mean_trialAcc,std_trialAcc,median_trialAcc,iqr_trialAcc,mean_macroF1,std_macroF1
0.490354938271605,0.11724460231752948,0.4826388888888889,0.13541666666666663,0.462507569389983,0.15472273448037557
