subject,trialAcc,macroF1,kappa,ITR
1,0.6006944444444444,0.602471850223673,0.46759259259259256,0.3965727473661025
2,0.3541666666666667,0.3411781011588988,0.13888888888888884,0.03864409096411592
3,0.6770833333333334,0.6742157516656917,0.5694444444444444,0.580664123721415
4,0.4305555555555556,0.3831491539430666,0.2407407407407407,0.11141187747112058
5,0.3263888888888889,0.21949357995869623,0.10185185185185186,0.02115735377330008
6,0.4166666666666667,0.3887866651139233,0.2222222222222222,0.09556978459483934
7,0.4722222222222222,0.46784756378612863,0.2962962962962963,0.1657195414182968
8,0.6388888888888888,0.6386862875668846,0.5185185185185186,0.48405079899575587
9,0.5069444444444444,0.5055435545670459,0.34259259259259256,0.2186645869734627
