mean_trialAcc,std_trialAcc,median_trialAcc,iqr_trialAcc,mean_macroF1,std_macroF1
0.4915123456790124,0.11744247936200648,0.4722222222222222,0.18402777777777773,0.4690413897760009,0.14238244980844372
