subject,trialAcc,macroF1,kappa,ITR
1,0.6284722222222222,0.6150736936170039,0.5046296296296297,0.459304462202893
2,0.3958333333333333,0.38589189969971405,0.19444444444444442,0.07395748038747274
3,0.7152777777777778,0.70298750410654,0.6203703703703703,0.6869203038330037
4,0.5069444444444444,0.4993542871694132,0.34259259259259256,0.2186645869734627
5,0.6458333333333334,0.6320782096684379,0.5277777777777778,0.5009248203411198
6,0.3993055555555556,0.3891031121327716,0.19907407407407407,0.0773789104153142
7,0.6979166666666666,0.6973724667271628,0.5972222222222222,0.637386583637769
8,0.71875,0.7164238783064232,0.625,0.6970808592438031
9,0.65625,0.6507244462603372,0.5416666666666667,0.526807067982235
