mean_trialAcc,std_trialAcc,median_trialAcc,iqr_trialAcc,mean_macroF1,std_macroF1
0.5960648148148148,0.1218085381196562,0.6458333333333334,0.1909722222222222,0.5876677219653116,0.12317652628352264
