subject,trialAcc,macroF1,kappa,ITR
1,0.6458333333333334,0.6460999133953098,0.5277777777777778,0.5009248203411198
2,0.4027777777777778,0.3828604550629031,0.20370370370370372,0.0808728566115775
3,0.78125,0.7767407286858292,0.7083333333333333,0.8954109904288516
4,0.4618055555555556,0.4499412118817841,0.28240740740740744,0.15119534274999946
5,0.5173611111111112,0.46063485335561827,0.3564814814814815,0.23590531472848264
6,0.4895833333333333,0.48978148105136843,0.3194444444444444,0.19132183110340129
7,0.5798611111111112,0.5794269876464999,0.43981481481481477,0.3525771026067599
8,0.6458333333333334,0.6420001384500853,0.5277777777777778,0.5009248203411198
9,0.5277777777777778,0.5321457730487903,0.37037037037037035,0.25377301368058314
