mean_trialAcc,std_trialAcc,median_trialAcc,iqr_trialAcc,mean_macroF1,std_macroF1
0.5613425925925927,0.10864844169167903,0.5277777777777778,0.15625000000000006,0.5510701713975765,0.11539534870059971
