subject,trialAcc,macroF1,kappa,ITR
1,0.6284722222222222,0.6196522813444005,0.5046296296296297,0.459304462202893
2,0.4131944444444444,0.37981709189788454,0.21759259259259256,0.09178776225025342
3,0.6701388888888888,0.6629961675234148,0.5601851851851851,0.5623981006954295
4,0.4340277777777778,0.3653125644197073,0.24537037037037035,0.11555012739406978
5,0.2881944444444444,0.17566230159769758,0.05092592592592593,0.005437431031903417
6,0.4583333333333333,0.4217025795453161,0.2777777777777778,0.14649381725673694
7,0.4895833333333333,0.46362499508256744,0.3194444444444444,0.19132183110340129
8,0.6423611111111112,0.6452630216474231,0.5231481481481481,0.49244995314487583
9,0.5659722222222222,0.5486889435095292,0.4212962962962963,0.32467712401700033
