mean_trialAcc,std_trialAcc,median_trialAcc,iqr_trialAcc,mean_macroF1,std_macroF1
0.5100308641975309,0.11914489746515765,0.4895833333333333,0.19444444444444442,0.4758577718408823,0.15068140025772303
