subject,trialAcc,macroF1,kappa,ITR
1,0.5347222222222222,0.5312241541547261,0.37962962962962965,0.2660336919317201
2,0.4340277777777778,0.41769119177850716,0.24537037037037035,0.11555012739406978
3,0.6805555555555556,0.6821067821067821,0.5740740740740741,0.5899162462572696
4,0.4548611111111111,0.427327035881396,0.27314814814814814,0.1418623532943888
5,0.375,0.3207995752888085,0.16666666666666663,0.05496443412431229
6,0.46875,0.44018558965553045,0.29166666666666663,0.16080827259762165
7,0.5347222222222222,0.5261116625667142,0.37962962962962965,0.2660336919317201
8,0.5902777777777778,0.5951257940068135,0.4537037037037037,0.37425126204036174
9,0.5138888888888888,0.5227452451360962,0.35185185185185186,0.23008878461469462
