subject,trialAcc,macroF1,kappa,ITR
1,0.5381944444444444,0.5183919717030114,0.3842592592592593,0.27226886711064346
2,0.3819444444444444,0.3649339350478522,0.17592592592592593,0.061001366861040074
3,0.7118055555555556,0.6917917195058946,0.6157407407407407,0.6768451570318379
4,0.4479166666666667,0.4310407675848525,0.26388888888888884,0.13280995767278636
5,0.3333333333333333,0.2498794454490657,0.11111111111111116,0.025062498798072985
6,0.4270833333333333,0.3981728057076489,0.23611111111111116,0.10734457108649087
7,0.5208333333333334,0.4901082251082251,0.36111111111111116,0.24179150380161096
8,0.6215277777777778,0.6218584169922012,0.49537037037037035,0.44317986992012126
9,0.4722222222222222,0.4422655910119748,0.2962962962962963,0.1657195414182968
