mean_trialAcc,std_trialAcc,median_trialAcc,iqr_trialAcc,mean_macroF1,std_macroF1
0.4949845679012345,0.11146153161528831,0.4722222222222222,0.1111111111111111,0.46760476423452524,0.12555881159319562
