mean_trialAcc,std_trialAcc,median_trialAcc,iqr_trialAcc,mean_macroF1,std_macroF1
0.5096450617283951,0.08531557329669692,0.5138888888888888,0.0798611111111111,0.4959241145083749,0.101095691533087
