subject,trialAcc,macroF1,kappa,ITR
1,0.6284722222222222,0.619140385211139,0.5046296296296297,0.459304462202893
2,0.4652777777777778,0.425685002260033,0.2870370370370371,0.15596685160386214
3,0.8055555555555556,0.8060707323865219,0.7407407407407407,0.9811359932258747
4,0.5034722222222222,0.4984624326445927,0.3379629629629629,0.2130568791422356
5,0.5347222222222222,0.46431362055739045,0.37962962962962965,0.2660336919317201
6,0.3888888888888889,0.36820210266627174,0.18518518518518523,0.06733304030661968
7,0.6840277777777778,0.6859716628308401,0.5787037037037037,0.5992483774651955
8,0.7534722222222222,0.7520622293789876,0.6712962962962963,0.8035344616621402
9,0.6006944444444444,0.593951574384878,0.46759259259259256,0.3965727473661025
