subject,trialAcc,macroF1,kappa,ITR
1,0.6666666666666666,0.6650846932537073,0.5555555555555556,0.5533833323717918
2,0.40625,0.37342729511931816,0.20833333333333337,0.08443911179876107
3,0.6944444444444444,0.6770372252828394,0.5925925925925926,0.6277295830422893
4,0.5243055555555556,0.5088168606353355,0.3657407407407407,0.2477473888524122
5,0.4479166666666667,0.38425925925925924,0.26388888888888884,0.13280995767278636
6,0.4618055555555556,0.45799366242932454,0.28240740740740744,0.15119534274999946
7,0.5451388888888888,0.5435595450301333,0.3935185185185185,0.2849492457206042
8,0.6527777777777778,0.6516087326712825,0.537037037037037,0.5181030298797455
9,0.4930555555555556,0.47515272411461956,0.32407407407407407,0.19665121890789106
