mean_trialAcc,std_trialAcc,median_trialAcc,iqr_trialAcc,mean_macroF1,std_macroF1
0.5493827160493826,0.14687475171608924,0.5694444444444444,0.2013888888888889,0.5265358005736237,0.1767866020060616
