mean_trialAcc,std_trialAcc,median_trialAcc,iqr_trialAcc,mean_macroF1,std_macroF1
0.5435956790123456,0.0985783819021615,0.5243055555555556,0.1909722222222222,0.5263266664217577,0.11010911851356854
