mean_trialAcc,std_trialAcc,median_trialAcc,iqr_trialAcc,mean_macroF1,std_macroF1
0.6423611111111112,0.12209413883556104,0.625,0.15625,0.6277341524544146,0.13380028510019298
