channels,protocol,model,seed,k_per_class,mean_trialAcc,std_trialAcc,median_trialAcc,iqr_trialAcc,mean_macroF1,std_macroF1
8ch,W,eegnetv4,0,,0.3074845679012345,0.027050228615676096,0.2986111111111111,0.03819444444444442,0.2622067278692012,0.04512806397369733
8ch,L,eegnetv4,0,,0.3958333333333333,0.047269856149680864,0.3958333333333333,0.0763888888888889,0.3719442999150424,0.060791616331842435
8ch,F,eegnetv4,0,5,0.40354938271604934,0.041884006776148425,0.3923611111111111,0.041666666666666685,0.3900982089871809,0.04311723818790956
8ch,TTA,eegnetv4,0,,0.3611111111111111,0.052018993181120896,0.34375,0.048611111111111105,0.3186119783652648,0.07081863137278721
