subject,trialAcc,macroF1,kappa,ITR
1,0.46875,0.4331088207220817,0.29166666666666663,0.16080827259762165
2,0.24305555555555555,0.2148602308057672,-0.0092592592592593,0.00018669588513753332
3,0.3576388888888889,0.32860427852835766,0.1435185185185185,0.04117590780065772
4,0.3819444444444444,0.3488341685225501,0.17592592592592593,0.061001366861040074
5,0.3368055555555556,0.24440048672292566,0.1157407407407407,0.027132686784210325
6,0.3090277777777778,0.2850916380091151,0.07870370370370372,0.012786933282289636
7,0.2916666666666667,0.2607439860451909,0.05555555555555558,0.006453759420483207
8,0.4166666666666667,0.40560935721335645,0.2222222222222222,0.09556978459483934
9,0.4131944444444444,0.395171334178708,0.21759259259259256,0.09178776225025342
