mean_trialAcc,std_trialAcc,median_trialAcc,iqr_trialAcc,mean_macroF1,std_macroF1
0.3576388888888889,0.06648799359419014,0.3576388888888889,0.10416666666666663,0.32404714452756145,0.07305314026592406
