mean_trialAcc,std_trialAcc,median_trialAcc,iqr_trialAcc,mean_macroF1,std_macroF1
0.6261574074074073,0.11787386163401865,0.6805555555555556,0.1875,0.6182128611443471,0.12225414317458827
