subject,trialAcc,macroF1,kappa,ITR
1,0.6145833333333334,0.6171637588558179,0.48611111111111116,0.4273510608823541
2,0.3923611111111111,0.38381169160480244,0.18981481481481477,0.07060878222911637
3,0.6666666666666666,0.6669781420779746,0.5555555555555556,0.5533833323717918
4,0.4270833333333333,0.36663423091385583,0.23611111111111116,0.10734457108649087
5,0.3784722222222222,0.28940329218106997,0.17129629629629628,0.057945928772617616
6,0.3923611111111111,0.3616780129615316,0.18981481481481477,0.07060878222911637
7,0.4930555555555556,0.4805515352954933,0.32407407407407407,0.19665121890789106
8,0.6284722222222222,0.6293440219880898,0.5046296296296297,0.459304462202893
9,0.5034722222222222,0.501866868051416,0.3379629629629629,0.2130568791422356
