mean_trialAcc,std_trialAcc,median_trialAcc,iqr_trialAcc,mean_macroF1,std_macroF1
0.49961419753086417,0.10579291818034534,0.4930555555555556,0.22222222222222227,0.47749239488111683,0.12863877786750424
