subject,trialAcc,macroF1,kappa,ITR
1,0.6770833333333334,0.674477466453464,0.5694444444444444,0.580664123721415
2,0.4409722222222222,0.42058032113329297,0.25462962962962965,0.12403892210078582
3,0.7881944444444444,0.7870154464073799,0.7175925925925926,0.9193762890520739
4,0.5625,0.5404955023606116,0.41666666666666663,0.3178794976459969
5,0.4756944444444444,0.4078398520946364,0.30092592592592593,0.17070060062291148
6,0.4583333333333333,0.4353580621437764,0.2777777777777778,0.14649381725673694
7,0.6631944444444444,0.6582315109758814,0.5509259259259259,0.5444468363251431
8,0.7638888888888888,0.7660950291430092,0.6851851851851851,0.837259582347304
9,0.5520833333333334,0.5341232451844194,0.4027777777777778,0.29791021816457364
