subject,trialAcc,macroF1,kappa,ITR
1,0.5,0.471414885669138,0.33333333333333337,0.20751874963942196
2,0.2326388888888889,0.18934038619248153,-0.02314814814814814,0.00117822330352646
3,0.3993055555555556,0.36008005950686306,0.19907407407407407,0.0773789104153142
4,0.3333333333333333,0.3067457941407521,0.11111111111111116,0.025062498798072985
5,0.3229166666666667,0.25266199726884275,0.09722222222222221,0.019323238049338665
6,0.3125,0.3054867459976949,0.08333333333333337,0.01430004821964781
7,0.2638888888888889,0.21764035463676057,0.01851851851851849,0.000733252850137367
8,0.4548611111111111,0.45374474162424827,0.27314814814814814,0.1418623532943888
9,0.4444444444444444,0.42710733486943164,0.2592592592592593,0.1283892175389134
