mean_trialAcc,std_trialAcc,median_trialAcc,iqr_trialAcc,mean_macroF1,std_macroF1
0.3626543209876544,0.08628875653669302,0.3333333333333333,0.13194444444444442,0.3315802555451348,0.09727152250076974
