subject,trialAcc,macroF1,kappa,ITR
1,0.6354166666666666,0.6292797220324063,0.5138888888888888,0.47572703739519207
2,0.3611111111111111,0.32727096430363295,0.14814814814814814,0.04378343768432358
3,0.6944444444444444,0.6944909282731028,0.5925925925925926,0.6277295830422893
4,0.4409722222222222,0.4168943011447755,0.25462962962962965,0.12403892210078582
5,0.4895833333333333,0.4272677743678081,0.3194444444444444,0.19132183110340129
6,0.4027777777777778,0.39626271006439256,0.20370370370370372,0.0808728566115775
7,0.4826388888888889,0.46925269614544535,0.31018518518518523,0.18087189456455333
8,0.6423611111111112,0.6464438380278992,0.5231481481481481,0.49244995314487583
9,0.4930555555555556,0.4683029388911742,0.32407407407407407,0.19665121890789106
