mean_trialAcc,std_trialAcc,median_trialAcc,iqr_trialAcc,mean_macroF1,std_macroF1
0.5158179012345678,0.10895761177841885,0.4895833333333333,0.19444444444444442,0.49727398591673744,0.12049078541590783
