subject,trialAcc,macroF1,kappa,ITR
1,0.6076388888888888,0.6089451165081416,0.47685185185185186,0.4118159872454761
2,0.4097222222222222,0.39780784839841965,0.2129629629629629,0.08807747718793091
3,0.7048611111111112,0.7039823096799842,0.6064814814814814,0.6569486381375391
4,0.4513888888888889,0.40333959976135547,0.2685185185185185,0.13730103602900234
5,0.3402777777777778,0.2746484520574474,0.12037037037037035,0.029280745672794595
6,0.3958333333333333,0.3596046976735374,0.19444444444444442,0.07395748038747274
7,0.53125,0.5268253781380694,0.375,0.2598684288926938
8,0.6701388888888888,0.6712150806730554,0.5601851851851851,0.5623981006954295
9,0.4652777777777778,0.45994706046252437,0.2870370370370371,0.15596685160386214
