mean_trialAcc,std_trialAcc,median_trialAcc,iqr_trialAcc,mean_macroF1,std_macroF1
0.5084876543209876,0.12060508534167547,0.4652777777777778,0.19791666666666663,0.4895906159280595,0.13921274534920433
