subject,trialAcc,macroF1,kappa,ITR
1,0.4305555555555556,0.42320253609488667,0.2407407407407407,0.11141187747112058
2,0.2916666666666667,0.21722756410256408,0.05555555555555558,0.006453759420483207
3,0.5590277777777778,0.47489557226399337,0.4120370370370371,0.3111525506581445
4,0.3020833333333333,0.22725467114282533,0.06944444444444442,0.010005593768977805
5,0.2569444444444444,0.11428149024246008,0.0092592592592593,0.00018440478011960693
6,0.3298611111111111,0.22347229256103585,0.10648148148148151,0.02307058308892551
7,0.4027777777777778,0.38194406794976055,0.20370370370370372,0.0808728566115775
8,0.4375,0.37372344701647797,0.25,0.11975918505585215
9,0.4166666666666667,0.4147180364096119,0.2222222222222222,0.09556978459483934
