mean_trialAcc,std_trialAcc,median_trialAcc,iqr_trialAcc,mean_macroF1,std_macroF1
0.38078703703703703,0.0890075644894925,0.4027777777777778,0.12847222222222227,0.31674663086484617,0.11597149935653875
