subject,trialAcc,macroF1,kappa,ITR
1,0.6527777777777778,0.6511480908152736,0.537037037037037,0.5181030298797455
2,0.3263888888888889,0.2761612259006068,0.10185185185185186,0.02115735377330008
3,0.7222222222222222,0.7188087097178006,0.6296296296296297,0.7073274600390893
4,0.4791666666666667,0.4587431559768307,0.3055555555555556,0.17575139960489605
5,0.2673611111111111,0.13974080771549124,0.02314814814814814,0.001142376330463657
6,0.5069444444444444,0.49990637644487196,0.34259259259259256,0.2186645869734627
7,0.5104166666666666,0.5072984084653913,0.3472222222222222,0.22434188320175852
8,0.6631944444444444,0.6653725553057828,0.5509259259259259,0.5444468363251431
9,0.5243055555555556,0.5183389178622084,0.3657407407407407,0.2477473888524122
