mean_trialAcc,std_trialAcc,median_trialAcc,iqr_trialAcc,mean_macroF1,std_macroF1
0.5169753086419753,0.14228528962172227,0.5104166666666666,0.1736111111111111,0.49283536091158414,0.1762546426209163
