subject,trialAcc,macroF1,kappa,ITR
1,0.6423611111111112,0.6385316758045936,0.5231481481481481,0.49244995314487583
2,0.3958333333333333,0.36873172343874727,0.19444444444444442,0.07395748038747274
3,0.7361111111111112,0.7366879734049929,0.6481481481481481,0.7491877670795727
4,0.5,0.47034305210918115,0.33333333333333337,0.20751874963942196
5,0.4097222222222222,0.3387661202365489,0.2129629629629629,0.08807747718793091
6,0.3923611111111111,0.3856503459523175,0.18981481481481477,0.07060878222911637
7,0.46875,0.4498336064631131,0.29166666666666663,0.16080827259762165
8,0.6388888888888888,0.6423989965693372,0.5185185185185186,0.48405079899575587
9,0.5208333333333334,0.5198600288412889,0.36111111111111116,0.24179150380161096
