mean_trialAcc,std_trialAcc,median_trialAcc,iqr_trialAcc,mean_macroF1,std_macroF1
0.5227623456790123,0.11673314251857463,0.5,0.22916666666666663,0.5056448358689023,0.13135918052419765
