mean_trialAcc,std_trialAcc,median_trialAcc,iqr_trialAcc,mean_macroF1,std_macroF1
0.6307870370370371,0.11528846819387913,0.6666666666666666,0.1909722222222222,0.6234846270805197,0.11519392801282324
