subject,trialAcc,macroF1,kappa,ITR
1,0.6076388888888888,0.610601158172426,0.47685185185185186,0.4118159872454761
2,0.4027777777777778,0.3812691138385533,0.20370370370370372,0.0808728566115775
3,0.6284722222222222,0.6225985000287192,0.5046296296296297,0.459304462202893
4,0.4236111111111111,0.37334433550291934,0.2314814814814815,0.10334835156654076
5,0.3368055555555556,0.22154899894625923,0.1157407407407407,0.027132686784210325
6,0.4375,0.42648625883920005,0.25,0.11975918505585215
7,0.4722222222222222,0.4469972031528096,0.2962962962962963,0.1657195414182968
8,0.6041666666666666,0.60360186020547,0.4722222222222222,0.40415800137104685
9,0.4722222222222222,0.4723014645004777,0.2962962962962963,0.1657195414182968
