mean_trialAcc,std_trialAcc,median_trialAcc,iqr_trialAcc,mean_macroF1,std_macroF1
0.48726851851851855,0.09709813509798305,0.4722222222222222,0.18055555555555552,0.4620832103540928,0.12548201444852985
