subject,trialAcc,macroF1,kappa,ITR
1,0.4930555555555556,0.45879181320357787,0.32407407407407407,0.19665121890789106
2,0.2777777777777778,0.23926079195066535,0.03703703703703709,0.0028996819407973717
3,0.3819444444444444,0.32858859108762306,0.17592592592592593,0.061001366861040074
4,0.3680555555555556,0.32917389848055784,0.15740740740740744,0.04922436511536632
5,0.3263888888888889,0.24791056639099973,0.10185185185185186,0.02115735377330008
6,0.2881944444444444,0.27680828685179054,0.05092592592592593,0.005437431031903417
7,0.2465277777777778,0.20280188958490258,-0.004629629629629539,4.6527268776186403e-05
8,0.4027777777777778,0.38890456170142834,0.20370370370370372,0.0808728566115775
9,0.4097222222222222,0.39463373886033815,0.2129629629629629,0.08807747718793091
