mean_trialAcc,std_trialAcc,median_trialAcc,iqr_trialAcc,mean_macroF1,std_macroF1
0.3549382716049383,0.07321510388245601,0.3680555555555556,0.11458333333333337,0.31854157090132035,0.07960779519843367
