subject,trialAcc,macroF1,kappa,ITR
1,0.6284722222222222,0.6252220663861617,0.5046296296296297,0.459304462202893
2,0.3888888888888889,0.3699910400447398,0.18518518518518523,0.06733304030661968
3,0.7256944444444444,0.7217499398448924,0.6342592592592593,0.7176607629810356
4,0.4548611111111111,0.41113309725683356,0.27314814814814814,0.1418623532943888
5,0.3923611111111111,0.2651009767537169,0.18981481481481477,0.07060878222911637
6,0.4340277777777778,0.426428983472715,0.24537037037037035,0.11555012739406978
7,0.4826388888888889,0.47092669235526385,0.31018518518518523,0.18087189456455333
8,0.6493055555555556,0.6522874214203694,0.5324074074074074,0.5094757318357521
9,0.5520833333333334,0.5556257964428444,0.4027777777777778,0.29791021816457364
