mean_trialAcc,std_trialAcc,median_trialAcc,iqr_trialAcc,mean_macroF1,std_macroF1
0.5231481481481481,0.11462424447351804,0.4826388888888889,0.19444444444444442,0.4998295571086152,0.14038604992073342
