subject,trialAcc,macroF1,kappa,ITR
1,0.6458333333333334,0.6366904764246752,0.5277777777777778,0.5009248203411198
2,0.4166666666666667,0.40367602491765603,0.2222222222222222,0.09556978459483934
3,0.71875,0.7043354425494399,0.625,0.6970808592438031
4,0.4513888888888889,0.4436926743539489,0.2685185185185185,0.13730103602900234
5,0.6180555555555556,0.6048980707569396,0.4907407407407407,0.4352286239757577
6,0.3993055555555556,0.3876705745497228,0.19907407407407407,0.0773789104153142
7,0.7291666666666666,0.7289855772744686,0.6388888888888888,0.7280814455191145
8,0.71875,0.7203224809909614,0.625,0.6970808592438031
9,0.7569444444444444,0.7549452769933186,0.6759259259259259,0.8146813143112872
