mean_trialAcc,std_trialAcc,median_trialAcc,iqr_trialAcc,mean_macroF1,std_macroF1
0.6060956790123456,0.13645741163645064,0.6458333333333334,0.2673611111111111,0.5983573998679035,0.13960797060444896
