subject,trialAcc,macroF1,kappa,ITR
1,0.8020833333333334,0.7990629111635954,0.7361111111111112,0.9685676958958603
2,0.4027777777777778,0.34856846056568663,0.20370370370370372,0.0808728566115775
3,0.8090277777777778,0.8082732645831141,0.7453703703703703,0.9938153402543543
4,0.4548611111111111,0.45650419020971883,0.27314814814814814,0.1418623532943888
5,0.6215277777777778,0.6177629027682081,0.49537037037037035,0.44317986992012126
6,0.4652777777777778,0.4676847997918876,0.2870370370370371,0.15596685160386214
7,0.7326388888888888,0.73051458345576,0.6435185185185186,0.7385902065271126
8,0.7673611111111112,0.7571185960980129,0.6898148148148149,0.8486928938280338
9,0.6736111111111112,0.67814213089186,0.5648148148148149,0.5714915554125906
