mean_trialAcc,std_trialAcc,median_trialAcc,iqr_trialAcc,mean_macroF1,std_macroF1
0.636574074074074,0.14984738749963708,0.6736111111111112,0.30208333333333337,0.6292924266142048,0.15802235452049207
