subject,trialAcc,macroF1,kappa,ITR
1,0.625,0.620738560277368,0.5,0.45120505930460153
2,0.375,0.36114522103656593,0.16666666666666663,0.05496443412431229
3,0.7083333333333334,0.6987766889076512,0.6111111111111112,0.6668548013876316
4,0.5555555555555556,0.543904345957062,0.40740740740740744,0.30449616206348606
5,0.3229166666666667,0.22470578620464204,0.09722222222222221,0.019323238049338665
6,0.4583333333333333,0.44505247914914625,0.2777777777777778,0.14649381725673694
7,0.5520833333333334,0.540799171563659,0.4027777777777778,0.29791021816457364
8,0.6701388888888888,0.6700550148530332,0.5601851851851851,0.5623981006954295
9,0.59375,0.5912397068822242,0.45833333333333337,0.3816195806839777
