mean_trialAcc,std_trialAcc,median_trialAcc,iqr_trialAcc,mean_macroF1,std_macroF1
0.5401234567901234,0.12328547140986619,0.5555555555555556,0.16666666666666669,0.5218241083145947,0.14480856584472615
