subject,trialAcc,macroF1,kappa,ITR
1,0.6458333333333334,0.643215464267086,0.5277777777777778,0.5009248203411198
2,0.4027777777777778,0.38076384566775734,0.20370370370370372,0.0808728566115775
3,0.6979166666666666,0.6951941027939686,0.5972222222222222,0.637386583637769
4,0.4236111111111111,0.389321000925398,0.2314814814814815,0.10334835156654076
5,0.2465277777777778,0.0988857938718663,-0.004629629629629539,4.6527268776186403e-05
6,0.4791666666666667,0.4576014038283342,0.3055555555555556,0.17575139960489605
7,0.4895833333333333,0.47575111836327455,0.3194444444444444,0.19132183110340129
8,0.6631944444444444,0.6541714376566774,0.5509259259259259,0.5444468363251431
9,0.5138888888888888,0.5180986737901319,0.35185185185185186,0.23008878461469462
