mean_trialAcc,std_trialAcc,median_trialAcc,iqr_trialAcc,mean_macroF1,std_macroF1
0.5069444444444444,0.1361811674081734,0.4895833333333333,0.22222222222222227,0.47922253790716596,0.17274510177508373
