subject,trialAcc,macroF1,kappa,ITR
1,0.625,0.6172282281364229,0.5,0.45120505930460153
2,0.3333333333333333,0.26660709911486963,0.11111111111111116,0.025062498798072985
3,0.5138888888888888,0.510241935483871,0.35185185185185186,0.23008878461469462
4,0.4375,0.423494799901022,0.25,0.11975918505585215
5,0.3611111111111111,0.33570785939206993,0.14814814814814814,0.04378343768432358
6,0.3576388888888889,0.352550883760379,0.1435185185185185,0.04117590780065772
7,0.6076388888888888,0.6043344642393168,0.47685185185185186,0.4118159872454761
8,0.5486111111111112,0.5535016993623865,0.39814814814814814,0.291394612488004
9,0.4722222222222222,0.4621456442108616,0.2962962962962963,0.1657195414182968
