mean_trialAcc,std_trialAcc,median_trialAcc,iqr_trialAcc,mean_macroF1,std_macroF1
0.4729938271604939,0.10285670374412126,0.4722222222222222,0.18750000000000006,0.4584236237334667,0.11668071573956519
