subject,trialAcc,macroF1,kappa,ITR
1,0.6354166666666666,0.633652710117015,0.5138888888888888,0.47572703739519207
2,0.40625,0.3805187902778664,0.20833333333333337,0.08443911179876107
3,0.7326388888888888,0.7255275306362263,0.6435185185185186,0.7385902065271126
4,0.4861111111111111,0.4704282712320354,0.31481481481481477,0.18606204848355135
5,0.4236111111111111,0.302922754902995,0.2314814814814815,0.10334835156654076
6,0.5034722222222222,0.5036886021582322,0.3379629629629629,0.2130568791422356
7,0.6076388888888888,0.605529503176562,0.47685185185185186,0.4118159872454761
8,0.6840277777777778,0.6823902184926235,0.5787037037037037,0.5992483774651955
9,0.5694444444444444,0.5716520349234142,0.42592592592592593,0.3315455581268365
