mean_trialAcc,std_trialAcc,median_trialAcc,iqr_trialAcc,mean_macroF1,std_macroF1
0.5609567901234568,0.10755934823871689,0.5694444444444444,0.14930555555555552,0.5418122684352187,0.13188012096944962
