subject,trialAcc,macroF1,kappa,ITR
1,0.4548611111111111,0.41132438267395044,0.27314814814814814,0.1418623532943888
2,0.2638888888888889,0.2227644693727226,0.01851851851851849,0.000733252850137367
3,0.3402777777777778,0.2908289323809804,0.12037037037037035,0.029280745672794595
4,0.3715277777777778,0.31303021705206413,0.1620370370370371,0.052057152989817945
5,0.2916666666666667,0.18240963855421688,0.05555555555555558,0.006453759420483207
6,0.2916666666666667,0.2686564387325758,0.05555555555555558,0.006453759420483207
7,0.2361111111111111,0.1568147538735774,-0.0185185185185186,0.0007515958555828206
8,0.3541666666666667,0.317690293602767,0.13888888888888884,0.03864409096411592
9,0.4027777777777778,0.36769173019572243,0.20370370370370372,0.0808728566115775
