mean_trialAcc,std_trialAcc,median_trialAcc,iqr_trialAcc,mean_macroF1,std_macroF1
0.334104938271605,0.06605902707365588,0.3402777777777778,0.0798611111111111,0.2812456507153974,0.07863689643171572
