subject,trialAcc,macroF1,kappa,ITR
1,0.4618055555555556,0.4114867614995005,0.28240740740740744,0.15119534274999946
2,0.2777777777777778,0.24150688304338558,0.03703703703703709,0.0028996819407973717
3,0.3645833333333333,0.3026957920643308,0.1527777777777778,0.04646636011654537
4,0.3333333333333333,0.2442746361437664,0.11111111111111116,0.025062498798072985
5,0.3055555555555556,0.1983962155301719,0.07407407407407407,0.011355277206284375
6,0.3090277777777778,0.28060813612333496,0.07870370370370372,0.012786933282289636
7,0.25,0.20356054310050023,0.0,0
8,0.3645833333333333,0.328550216991687,0.1527777777777778,0.04646636011654537
9,0.3506944444444444,0.29320310501520425,0.1342592592592593,0.036188318425962374
