mean_trialAcc,std_trialAcc,median_trialAcc,iqr_trialAcc,mean_macroF1,std_macroF1
0.3352623456790123,0.05784979057940297,0.3333333333333333,0.059027777777777735,0.27825358772354236,0.06286530848003623
