subject,trialAcc,macroF1,kappa,ITR
1,0.6006944444444444,0.5947962860480847,0.46759259259259256,0.3965727473661025
2,0.3368055555555556,0.2943757686935857,0.1157407407407407,0.027132686784210325
3,0.75,0.7426724137931036,0.6666666666666667,0.792481250360578
4,0.4340277777777778,0.42106719868156955,0.24537037037037035,0.11555012739406978
5,0.4409722222222222,0.37551298811901773,0.25462962962962965,0.12403892210078582
6,0.4375,0.43442125695456235,0.25,0.11975918505585215
7,0.5625,0.5596771523825255,0.41666666666666663,0.3178794976459969
8,0.6180555555555556,0.6157819763082921,0.4907407407407407,0.4352286239757577
9,0.4895833333333333,0.4866607399089151,0.3194444444444444,0.19132183110340129
