mean_trialAcc,std_trialAcc,median_trialAcc,iqr_trialAcc,mean_macroF1,std_macroF1
0.5189043209876543,0.11820423543255971,0.4895833333333333,0.16319444444444442,0.5027739756544062,0.13049523001125923
