subject,trialAcc,macroF1,kappa,ITR
1,0.6527777777777778,0.6426583406032447,0.537037037037037,0.5181030298797455
2,0.3993055555555556,0.3951265909501459,0.19907407407407407,0.0773789104153142
3,0.7222222222222222,0.7199809978592104,0.6296296296296297,0.7073274600390893
4,0.4722222222222222,0.4181168332683279,0.2962962962962963,0.1657195414182968
5,0.3680555555555556,0.3138098064509502,0.15740740740740744,0.04922436511536632
6,0.4513888888888889,0.44929206446606773,0.2685185185185185,0.13730103602900234
7,0.4826388888888889,0.4773481286074497,0.31018518518518523,0.18087189456455333
8,0.6597222222222222,0.6606140689264342,0.5462962962962963,0.5355882111809418
9,0.5659722222222222,0.5589468836338246,0.4212962962962963,0.32467712401700033
