mean_trialAcc,std_trialAcc,median_trialAcc,iqr_trialAcc,mean_macroF1,std_macroF1
0.5304783950617283,0.11795086336703564,0.4826388888888889,0.2013888888888889,0.5150993016406283,0.12970789006113945
