subject,trialAcc,macroF1,kappa,ITR
1,0.6875,0.6860464113181506,0.5833333333333333,0.6086609859900811
2,0.4270833333333333,0.40294353842352365,0.23611111111111116,0.10734457108649087
3,0.7013888888888888,0.694898101898102,0.6018518518518519,0.6471260866070748
4,0.5138888888888888,0.5077773757215474,0.35185185185185186,0.23008878461469462
5,0.4479166666666667,0.365143784786642,0.26388888888888884,0.13280995767278636
6,0.4756944444444444,0.4787101014877305,0.30092592592592593,0.17070060062291148
7,0.6006944444444444,0.6016554067401525,0.46759259259259256,0.3965727473661025
8,0.6493055555555556,0.6546901823621112,0.5324074074074074,0.5094757318357521
9,0.6354166666666666,0.634536731853805,0.5138888888888888,0.47572703739519207
