mean_trialAcc,std_trialAcc,median_trialAcc,iqr_trialAcc,mean_macroF1,std_macroF1
0.5709876543209876,0.0999682615195095,0.6006944444444444,0.17361111111111116,0.558489070510196,0.11656791262767112
