subject,trialAcc,macroF1,kappa,ITR
1,0.6006944444444444,0.5896878029983186,0.46759259259259256,0.3965727473661025
2,0.3784722222222222,0.34648594095650903,0.17129629629629628,0.057945928772617616
3,0.7604166666666666,0.7567642016327777,0.6805555555555556,0.825922710434739
4,0.4583333333333333,0.42953393021504477,0.2777777777777778,0.14649381725673694
5,0.4548611111111111,0.37171693561160585,0.27314814814814814,0.1418623532943888
6,0.46875,0.4684160920072037,0.29166666666666663,0.16080827259762165
7,0.5798611111111112,0.5661560129582892,0.43981481481481477,0.3525771026067599
8,0.6597222222222222,0.656264832295486,0.5462962962962963,0.5355882111809418
9,0.5243055555555556,0.5237330990757009,0.3657407407407407,0.2477473888524122
