mean_trialAcc,std_trialAcc,median_trialAcc,iqr_trialAcc,mean_macroF1,std_macroF1
0.542824074074074,0.11227448437757198,0.5243055555555556,0.1423611111111111,0.5231954275278817,0.12669920790136668
