subject,trialAcc,macroF1,kappa,ITR
1,0.7083333333333334,0.703224396592887,0.6111111111111112,0.6668548013876316
2,0.4791666666666667,0.4605118211549778,0.3055555555555556,0.17575139960489605
3,0.7430555555555556,0.7319089908046963,0.6574074074074074,0.7706522870751257
4,0.5208333333333334,0.5160818149658688,0.36111111111111116,0.24179150380161096
5,0.5972222222222222,0.5945883393817413,0.4629629629629629,0.3890600095295802
6,0.4652777777777778,0.4628351074053253,0.2870370370370371,0.15596685160386214
7,0.6979166666666666,0.6859122814838747,0.5972222222222222,0.637386583637769
8,0.7152777777777778,0.7201188775690895,0.6203703703703703,0.6869203038330037
9,0.6527777777777778,0.6475753269333409,0.537037037037037,0.5181030298797455
