mean_trialAcc,std_trialAcc,median_trialAcc,iqr_trialAcc,mean_macroF1,std_macroF1
0.6199845679012346,0.10181384906436663,0.6527777777777778,0.1875,0.6136396618102,0.10317002082728703
