subject,trialAcc,macroF1,kappa,ITR
1,0.5972222222222222,0.5924371654972861,0.4629629629629629,0.3890600095295802
2,0.3923611111111111,0.3638296477007424,0.18981481481481477,0.07060878222911637
3,0.7395833333333334,0.7386893563863672,0.6527777777777778,0.759874871270215
4,0.4166666666666667,0.38200335532657304,0.2222222222222222,0.09556978459483934
5,0.3923611111111111,0.272595836617909,0.18981481481481477,0.07060878222911637
6,0.4756944444444444,0.4443909668667889,0.30092592592592593,0.17070060062291148
7,0.5138888888888888,0.5067972382738889,0.35185185185185186,0.23008878461469462
8,0.6631944444444444,0.6657389878940092,0.5509259259259259,0.5444468363251431
9,0.5347222222222222,0.5380362022358319,0.37962962962962965,0.2660336919317201
