mean_trialAcc,std_trialAcc,median_trialAcc,iqr_trialAcc,mean_macroF1,std_macroF1
0.5250771604938271,0.11543684383196329,0.5138888888888888,0.18055555555555552,0.5005020840888218,0.1421063482619965
