subject,trialAcc,macroF1,kappa,ITR
1,0.6111111111111112,0.6062442276548492,0.4814814814814815,0.4195469293557659
2,0.3645833333333333,0.322536728945322,0.1527777777777778,0.04646636011654537
3,0.7361111111111112,0.7338824554519238,0.6481481481481481,0.7491877670795727
4,0.4652777777777778,0.44913549913549916,0.2870370370370371,0.15596685160386214
5,0.4583333333333333,0.36096597057306984,0.2777777777777778,0.14649381725673694
6,0.4479166666666667,0.43238873804745603,0.26388888888888884,0.13280995767278636
7,0.5625,0.5622328480734906,0.41666666666666663,0.3178794976459969
8,0.5729166666666666,0.5719681427910286,0.4305555555555556,0.33848493577499283
9,0.4965277777777778,0.4846103596813152,0.3287037037037037,0.20205019510945
