mean_trialAcc,std_trialAcc,median_trialAcc,iqr_trialAcc,mean_macroF1,std_macroF1
0.5239197530864197,0.10337202617909987,0.4965277777777778,0.11458333333333331,0.5026627744837726,0.12165358909398125
