subject,trialAcc,macroF1,kappa,ITR
1,0.7847222222222222,0.7825492149416884,0.712962962962963,0.9073421572559758
2,0.5729166666666666,0.5630142773779798,0.4305555555555556,0.33848493577499283
3,0.8229166666666666,0.8222301501894914,0.7638888888888888,1.0456748419349609
4,0.5486111111111112,0.5473798250580418,0.39814814814814814,0.291394612488004
5,0.6111111111111112,0.6113500049512288,0.4814814814814815,0.4195469293557659
6,0.5,0.5116430143364947,0.33333333333333337,0.20751874963942196
7,0.6041666666666666,0.5904149965739949,0.4722222222222222,0.40415800137104685
8,0.7951388888888888,0.7960091413260834,0.7268518518518519,0.9437584007938005
9,0.6354166666666666,0.6425476944779096,0.5138888888888888,0.47572703739519207
