mean_trialAcc,std_trialAcc,median_trialAcc,iqr_trialAcc,mean_macroF1,std_macroF1
0.6527777777777778,0.11135197658153417,0.6111111111111112,0.21180555555555558,0.6519042576925459,0.11098466156572293
