subject,trialAcc,macroF1,kappa,ITR
1,0.6597222222222222,0.6567656582757254,0.5462962962962963,0.5355882111809418
2,0.3993055555555556,0.3366351084259832,0.19907407407407407,0.0773789104153142
3,0.7881944444444444,0.7888495114614518,0.7175925925925926,0.9193762890520739
4,0.4791666666666667,0.4568768814544377,0.3055555555555556,0.17575139960489605
5,0.2916666666666667,0.18747134424736767,0.05555555555555558,0.006453759420483207
6,0.4583333333333333,0.4515128598764854,0.2777777777777778,0.14649381725673694
7,0.5694444444444444,0.5620937608889537,0.42592592592592593,0.3315455581268365
8,0.6840277777777778,0.6853278423980178,0.5787037037037037,0.5992483774651955
9,0.6145833333333334,0.6132892381341898,0.48611111111111116,0.4273510608823541
