subject,trialAcc,macroF1,kappa,ITR
1,0.6145833333333334,0.611532345514576,0.48611111111111116,0.4273510608823541
2,0.375,0.35782778209693533,0.16666666666666663,0.05496443412431229
3,0.7152777777777778,0.6995724914703828,0.6203703703703703,0.6869203038330037
4,0.4236111111111111,0.3896325896325896,0.2314814814814815,0.10334835156654076
5,0.4097222222222222,0.31275116144018583,0.2129629629629629,0.08807747718793091
6,0.4652777777777778,0.4618521318336305,0.2870370370370371,0.15596685160386214
7,0.5277777777777778,0.5271956761372879,0.37037037037037035,0.25377301368058314
8,0.6076388888888888,0.6069517400807956,0.47685185185185186,0.4118159872454761
9,0.4895833333333333,0.4846294560238533,0.3194444444444444,0.19132183110340129
