mean_trialAcc,std_trialAcc,median_trialAcc,iqr_trialAcc,mean_macroF1,std_macroF1
0.5142746913580247,0.10589416890282859,0.4895833333333333,0.18402777777777773,0.4946605971366929,0.12171820176701796
