subject,trialAcc,macroF1,kappa,ITR
1,0.5972222222222222,0.5909186013651581,0.4629629629629629,0.3890600095295802
2,0.3715277777777778,0.35353893801953595,0.1620370370370371,0.052057152989817945
3,0.7152777777777778,0.7175228277531318,0.6203703703703703,0.6869203038330037
4,0.4548611111111111,0.4019603446908213,0.27314814814814814,0.1418623532943888
5,0.3784722222222222,0.3185511417317112,0.17129629629629628,0.057945928772617616
6,0.4548611111111111,0.45332543304308814,0.27314814814814814,0.1418623532943888
7,0.4652777777777778,0.4437797837243402,0.2870370370370371,0.15596685160386214
8,0.6388888888888888,0.6428743405740686,0.5185185185185186,0.48405079899575587
9,0.46875,0.472195744797946,0.29166666666666663,0.16080827259762165
