mean_trialAcc,std_trialAcc,median_trialAcc,iqr_trialAcc,mean_macroF1,std_macroF1
0.5050154320987654,0.11174960152747097,0.4652777777777778,0.1423611111111111,0.4882963506333113,0.1268688213901781
