subject,trialAcc,macroF1,kappa,ITR
1,0.4444444444444444,0.3706631908151467,0.2592592592592593,0.1283892175389134
2,0.22916666666666666,0.17152711652806873,-0.02777777777777768,0.0017022869163154652
3,0.3229166666666667,0.2342857407572602,0.09722222222222221,0.019323238049338665
4,0.3541666666666667,0.2567965136612148,0.13888888888888884,0.03864409096411592
5,0.2777777777777778,0.1552241321199865,0.03703703703703709,0.0028996819407973717
6,0.3090277777777778,0.2678437953649271,0.07870370370370372,0.012786933282289636
7,0.2152777777777778,0.1830249569707401,-0.04629629629629628,0.004794066567539668
8,0.3680555555555556,0.31422332008269505,0.15740740740740744,0.04922436511536632
9,0.3194444444444444,0.2212405114452074,0.09259259259259256,0.017568676552407902
