mean_trialAcc,std_trialAcc,median_trialAcc,iqr_trialAcc,mean_macroF1,std_macroF1
0.31558641975308643,0.06659759725102561,0.3194444444444444,0.0763888888888889,0.24164769752724963,0.0659302211675378
