subject,trialAcc,macroF1,kappa,ITR
1,0.5729166666666666,0.5657945768966338,0.4305555555555556,0.33848493577499283
2,0.4305555555555556,0.41117853190134357,0.2407407407407407,0.11141187747112058
3,0.5173611111111112,0.518977020395855,0.3564814814814815,0.23590531472848264
4,0.4791666666666667,0.4698723710706945,0.3055555555555556,0.17575139960489605
5,0.4270833333333333,0.40563294469403294,0.23611111111111116,0.10734457108649087
6,0.3125,0.3101802454969964,0.08333333333333337,0.01430004821964781
7,0.6319444444444444,0.6333455587656568,0.5092592592592593,0.46747835836122675
8,0.53125,0.5244729664422563,0.375,0.2598684288926938
9,0.4756944444444444,0.4683448460771429,0.30092592592592593,0.17070060062291148
