mean_trialAcc,std_trialAcc,median_trialAcc,iqr_trialAcc,mean_macroF1,std_macroF1
0.48649691358024694,0.08735849271277178,0.4791666666666667,0.10069444444444442,0.4786443401934013,0.09049253882431203
