subject,trialAcc,macroF1,kappa,ITR
1,0.6006944444444444,0.5970650430470789,0.46759259259259256,0.3965727473661025
2,0.4097222222222222,0.37695639131735303,0.2129629629629629,0.08807747718793091
3,0.7291666666666666,0.723818373429125,0.6388888888888888,0.7280814455191145
4,0.34375,0.28541595384512636,0.125,0.031506286506873815
5,0.3784722222222222,0.27647499507174395,0.17129629629629628,0.057945928772617616
6,0.4444444444444444,0.44366653154593927,0.2592592592592593,0.1283892175389134
7,0.4479166666666667,0.4257290720107843,0.26388888888888884,0.13280995767278636
8,0.6076388888888888,0.6107144369666464,0.47685185185185186,0.4118159872454761
9,0.5659722222222222,0.5627093408066859,0.4212962962962963,0.32467712401700033
