mean_trialAcc,std_trialAcc,median_trialAcc,iqr_trialAcc,mean_macroF1,std_macroF1
0.5030864197530864,0.12094153623113632,0.4479166666666667,0.1909722222222222,0.47806112644894255,0.1457599655566582
