mean_trialAcc,std_trialAcc,median_trialAcc,iqr_trialAcc,mean_macroF1,std_macroF1
0.61304012345679,0.12555721900945968,0.625,0.19791666666666663,0.6064347849872962,0.1305467810459333
