subject,trialAcc,macroF1,kappa,ITR
1,0.7118055555555556,0.7059692201737656,0.6157407407407407,0.6768451570318379
2,0.53125,0.5193400891382474,0.375,0.2598684288926938
3,0.8020833333333334,0.7848610164712516,0.7361111111111112,0.9685676958958603
4,0.5034722222222222,0.5029843444227006,0.3379629629629629,0.2130568791422356
5,0.5486111111111112,0.5519711903543794,0.39814814814814814,0.291394612488004
6,0.4895833333333333,0.4875310781560781,0.3194444444444444,0.19132183110340129
7,0.7708333333333334,0.7685932797546453,0.6944444444444444,0.8602236414736084
8,0.7777777777777778,0.7808459482541561,0.7037037037037037,0.8835816044422339
9,0.7847222222222222,0.7794683351507157,0.712962962962963,0.9073421572559758
