mean_trialAcc,std_trialAcc,median_trialAcc,iqr_trialAcc,mean_macroF1,std_macroF1
0.6577932098765431,0.12783051187130437,0.7118055555555556,0.2465277777777778,0.6535071668751045,0.12642425784994704
