subject,trialAcc,macroF1,kappa,ITR
1,0.4097222222222222,0.3774443090746583,0.2129629629629629,0.08807747718793091
2,0.22569444444444445,0.15391309934231306,-0.03240740740740744,0.002324817544700375
3,0.375,0.355170623065053,0.16666666666666663,0.05496443412431229
4,0.3229166666666667,0.2776093824398576,0.09722222222222221,0.019323238049338665
5,0.3645833333333333,0.30247339392622874,0.1527777777777778,0.04646636011654537
6,0.2569444444444444,0.12672374583998025,0.0092592592592593,0.00018440478011960693
7,0.25,0.1382707051074398,0.0,0
8,0.3506944444444444,0.2940499526026668,0.1342592592592593,0.036188318425962374
9,0.3333333333333333,0.2620327528844175,0.11111111111111116,0.025062498798072985
