mean_trialAcc,std_trialAcc,median_trialAcc,iqr_trialAcc,mean_macroF1,std_macroF1
0.32098765432098764,0.05958369105638265,0.3333333333333333,0.1076388888888889,0.2541875515869572,0.08797674867499206
