subject,trialAcc,macroF1,kappa,ITR
1,0.6388888888888888,0.6370553610530492,0.5185185185185186,0.48405079899575587
2,0.4027777777777778,0.3683133623422911,0.20370370370370372,0.0808728566115775
3,0.7291666666666666,0.7237103174603176,0.6388888888888888,0.7280814455191145
4,0.4340277777777778,0.40282677024298086,0.24537037037037035,0.11555012739406978
5,0.4270833333333333,0.34328021875636483,0.23611111111111116,0.10734457108649087
6,0.4375,0.4199757880423834,0.25,0.11975918505585215
7,0.5833333333333334,0.5796419046933662,0.4444444444444444,0.35973020138169876
8,0.6493055555555556,0.6491392508420372,0.5324074074074074,0.5094757318357521
9,0.5798611111111112,0.5774325142286183,0.43981481481481477,0.3525771026067599
