mean_trialAcc,std_trialAcc,median_trialAcc,iqr_trialAcc,mean_macroF1,std_macroF1
0.5424382716049383,0.11266489042249368,0.5798611111111112,0.20486111111111105,0.522375054184601,0.13193213976210705
