subject,trialAcc,macroF1,kappa,ITR
1,0.6354166666666666,0.6341494205460196,0.5138888888888888,0.47572703739519207
2,0.40625,0.3899763098121805,0.20833333333333337,0.08443911179876107
3,0.7256944444444444,0.721926582875444,0.6342592592592593,0.7176607629810356
4,0.4236111111111111,0.38431727410396155,0.2314814814814815,0.10334835156654076
5,0.3958333333333333,0.32360762493480505,0.19444444444444442,0.07395748038747274
6,0.46875,0.4559255040746315,0.29166666666666663,0.16080827259762165
7,0.5416666666666666,0.5352645526247843,0.38888888888888884,0.27857402565016676
8,0.6388888888888888,0.6378940709096964,0.5185185185185186,0.48405079899575587
9,0.5347222222222222,0.5286238209127803,0.37962962962962965,0.2660336919317201
