mean_trialAcc,std_trialAcc,median_trialAcc,iqr_trialAcc,mean_macroF1,std_macroF1
0.5300925925925926,0.11045815083740879,0.5347222222222222,0.21180555555555552,0.5124094623104781,0.1271411051894303
