subject,trialAcc,macroF1,kappa,ITR
1,0.6215277777777778,0.6204267811866895,0.49537037037037035,0.44317986992012126
2,0.3993055555555556,0.374004205098757,0.19907407407407407,0.0773789104153142
3,0.7430555555555556,0.7394786761548804,0.6574074074074074,0.7706522870751257
4,0.4513888888888889,0.42846385554766464,0.2685185185185185,0.13730103602900234
5,0.4340277777777778,0.3671722800526046,0.24537037037037035,0.11555012739406978
6,0.4791666666666667,0.4806858744657788,0.3055555555555556,0.17575139960489605
7,0.53125,0.5348701951643129,0.375,0.2598684288926938
8,0.6180555555555556,0.608513134324539,0.4907407407407407,0.4352286239757577
9,0.5520833333333334,0.5541090502681943,0.4027777777777778,0.29791021816457364
