mean_trialAcc,std_trialAcc,median_trialAcc,iqr_trialAcc,mean_macroF1,std_macroF1
0.5366512345679012,0.10363949823876832,0.53125,0.16666666666666669,0.5230804502514913,0.11642150449776704
