subject,trialAcc,macroF1,kappa,ITR
1,0.59375,0.5828175274038192,0.45833333333333337,0.3816195806839777
2,0.4097222222222222,0.38496779591669084,0.2129629629629629,0.08807747718793091
3,0.7534722222222222,0.7514944806263562,0.6712962962962963,0.8035344616621402
4,0.4513888888888889,0.43201580802526685,0.2685185185185185,0.13730103602900234
5,0.3680555555555556,0.2939732455525984,0.15740740740740744,0.04922436511536632
6,0.4618055555555556,0.42282683962179035,0.28240740740740744,0.15119534274999946
7,0.5243055555555556,0.5077777199916789,0.3657407407407407,0.2477473888524122
8,0.6319444444444444,0.6370724686642963,0.5092592592592593,0.46747835836122675
9,0.4930555555555556,0.4552103650064796,0.32407407407407407,0.19665121890789106
