mean_trialAcc,std_trialAcc,median_trialAcc,iqr_trialAcc,mean_macroF1,std_macroF1
0.5208333333333334,0.11380322734520235,0.4930555555555556,0.1423611111111111,0.49646180564544184,0.13212283502678937
