subject,trialAcc,macroF1,kappa,ITR
1,0.53125,0.5277225934621637,0.375,0.2598684288926938
2,0.3923611111111111,0.3490379435455082,0.18981481481481477,0.07060878222911637
3,0.7395833333333334,0.7387417800737444,0.6527777777777778,0.759874871270215
4,0.4479166666666667,0.42854073309019525,0.26388888888888884,0.13280995767278636
5,0.3402777777777778,0.2594023592914199,0.12037037037037035,0.029280745672794595
6,0.4340277777777778,0.3771601889579418,0.24537037037037035,0.11555012739406978
7,0.4861111111111111,0.47847534074419906,0.31481481481481477,0.18606204848355135
8,0.6388888888888888,0.6436071303268291,0.5185185185185186,0.48405079899575587
9,0.5451388888888888,0.5400695182321584,0.3935185185185185,0.2849492457206042
