subject,trialAcc,macroF1,kappa,ITR
1,0.5763888888888888,0.5536536459149957,0.43518518518518523,0.34549540028782855
2,0.3611111111111111,0.32963456385264134,0.14814814814814814,0.04378343768432358
3,0.7638888888888888,0.7611341672798626,0.6851851851851851,0.837259582347304
4,0.4305555555555556,0.3957737030411449,0.2407407407407407,0.11141187747112058
5,0.4097222222222222,0.2886185287146089,0.2129629629629629,0.08807747718793091
6,0.4270833333333333,0.3737604320078547,0.23611111111111116,0.10734457108649087
7,0.3923611111111111,0.36004042254042257,0.18981481481481477,0.07060878222911637
8,0.6423611111111112,0.6470851358394162,0.5231481481481481,0.49244995314487583
9,0.5104166666666666,0.5102365551775588,0.3472222222222222,0.22434188320175852
