mean_trialAcc,std_trialAcc,median_trialAcc,iqr_trialAcc,mean_macroF1,std_macroF1
0.5061728395061729,0.11724460231752948,0.4861111111111111,0.11111111111111105,0.48252862085824,0.14086385715560581
