mean_trialAcc,std_trialAcc,median_trialAcc,iqr_trialAcc,mean_macroF1,std_macroF1
0.5725308641975309,0.11210068168128837,0.6041666666666666,0.12152777777777779,0.5649139882046407,0.11782711323293003
