subject,trialAcc,macroF1,kappa,ITR
1,0.5972222222222222,0.5860768986448334,0.4629629629629629,0.3890600095295802
2,0.3298611111111111,0.2876872528952217,0.10648148148148151,0.02307058308892551
3,0.7465277777777778,0.7445603252667499,0.662037037037037,0.7815208072636973
4,0.4756944444444444,0.44644933823235283,0.30092592592592593,0.17070060062291148
5,0.4548611111111111,0.3605066292479856,0.27314814814814814,0.1418623532943888
6,0.40625,0.40336460579930605,0.20833333333333337,0.08443911179876107
7,0.5972222222222222,0.598486983541423,0.4629629629629629,0.3890600095295802
8,0.6076388888888888,0.6063087836760721,0.47685185185185186,0.4118159872454761
9,0.5,0.4864338208164837,0.33333333333333337,0.20751874963942196
