mean_trialAcc,std_trialAcc,median_trialAcc,iqr_trialAcc,mean_macroF1,std_macroF1
0.5239197530864197,0.11854750039486471,0.5,0.1423611111111111,0.502208293124492,0.13544230285935407
