subject,trialAcc,macroF1,kappa,ITR
1,0.5694444444444444,0.557268457001751,0.42592592592592593,0.3315455581268365
2,0.4409722222222222,0.39580885240179753,0.25462962962962965,0.12403892210078582
3,0.7083333333333334,0.7020814304207675,0.6111111111111112,0.6668548013876316
4,0.4513888888888889,0.422739834110445,0.2685185185185185,0.13730103602900234
5,0.4131944444444444,0.2880132276358691,0.21759259259259256,0.09178776225025342
6,0.4409722222222222,0.4280314858316827,0.25462962962962965,0.12403892210078582
7,0.4513888888888889,0.42769686140740343,0.2685185185185185,0.13730103602900234
8,0.6493055555555556,0.65041193615871,0.5324074074074074,0.5094757318357521
9,0.4583333333333333,0.45297254984432445,0.2777777777777778,0.14649381725673694
