subject,trialAcc,macroF1,kappa,ITR
1,0.5798611111111112,0.5736792446029599,0.43981481481481477,0.3525771026067599
2,0.3819444444444444,0.3576270963523797,0.17592592592592593,0.061001366861040074
3,0.6666666666666666,0.645321337609037,0.5555555555555556,0.5533833323717918
4,0.40625,0.3739035276867345,0.20833333333333337,0.08443911179876107
5,0.4513888888888889,0.39961410601314157,0.2685185185185185,0.13730103602900234
6,0.4236111111111111,0.4078091021628564,0.2314814814814815,0.10334835156654076
7,0.5208333333333334,0.5222661385501176,0.36111111111111116,0.24179150380161096
8,0.6215277777777778,0.6187400024609327,0.49537037037037035,0.44317986992012126
9,0.4965277777777778,0.49611948744896717,0.3287037037037037,0.20205019510945
