subject,trialAcc,macroF1,kappa,ITR
1,0.5972222222222222,0.589845814671025,0.4629629629629629,0.3890600095295802
2,0.3784722222222222,0.3247927457130063,0.17129629629629628,0.057945928772617616
3,0.7361111111111112,0.7273571674778364,0.6481481481481481,0.7491877670795727
4,0.40625,0.3571451243049554,0.20833333333333337,0.08443911179876107
5,0.4166666666666667,0.3290695430688484,0.2222222222222222,0.09556978459483934
6,0.4166666666666667,0.40457057727641205,0.2222222222222222,0.09556978459483934
7,0.5659722222222222,0.5624319947414702,0.4212962962962963,0.32467712401700033
8,0.5486111111111112,0.5516688123702512,0.39814814814814814,0.291394612488004
9,0.4965277777777778,0.4673052595310489,0.3287037037037037,0.20205019510945
