mean_trialAcc,std_trialAcc,median_trialAcc,iqr_trialAcc,mean_macroF1,std_macroF1
0.5069444444444444,0.11002069109551986,0.4965277777777778,0.14930555555555552,0.47935411546165047,0.1303809540318396
