mean_trialAcc,std_trialAcc,median_trialAcc,iqr_trialAcc,mean_macroF1,std_macroF1
0.5054012345679013,0.09430009949044563,0.4965277777777778,0.15625000000000006,0.48834222698745855,0.10256741418409934
