subject,trialAcc,macroF1,kappa,ITR
1,0.6111111111111112,0.6025572052171697,0.4814814814814815,0.4195469293557659
2,0.3958333333333333,0.377007252579047,0.19444444444444442,0.07395748038747274
3,0.7013888888888888,0.6793759018759018,0.6018518518518519,0.6471260866070748
4,0.4375,0.41428185561397235,0.25,0.11975918505585215
5,0.40625,0.33564985173513157,0.20833333333333337,0.08443911179876107
6,0.4236111111111111,0.4205451185528056,0.2314814814814815,0.10334835156654076
7,0.5347222222222222,0.536983017250616,0.37962962962962965,0.2660336919317201
8,0.6076388888888888,0.5991935639271606,0.47685185185185186,0.4118159872454761
9,0.4930555555555556,0.4883671981120855,0.32407407407407407,0.19665121890789106
