mean_trialAcc,std_trialAcc,median_trialAcc,iqr_trialAcc,mean_macroF1,std_macroF1
0.5123456790123456,0.10206353096849555,0.4930555555555556,0.18402777777777773,0.4948845516515434,0.11035270655413283
