subject,trialAcc,macroF1,kappa,ITR
1,0.5798611111111112,0.5821994215829832,0.43981481481481477,0.3525771026067599
2,0.3506944444444444,0.34305355586000746,0.1342592592592593,0.036188318425962374
3,0.6423611111111112,0.6406297905531029,0.5231481481481481,0.49244995314487583
4,0.4270833333333333,0.36282353020971814,0.23611111111111116,0.10734457108649087
5,0.3402777777777778,0.2555014482142972,0.12037037037037035,0.029280745672794595
6,0.4791666666666667,0.46936570763817953,0.3055555555555556,0.17575139960489605
7,0.4756944444444444,0.4686260077980439,0.30092592592592593,0.17070060062291148
8,0.6423611111111112,0.6489668846370563,0.5231481481481481,0.49244995314487583
9,0.5694444444444444,0.5591606257804143,0.42592592592592593,0.3315455581268365
