mean_trialAcc,std_trialAcc,median_trialAcc,iqr_trialAcc,mean_macroF1,std_macroF1
0.5007716049382717,0.10846059538213762,0.4791666666666667,0.15277777777777785,0.4811474413637559,0.13088490441325643
