subject,trialAcc,macroF1,kappa,ITR
1,0.5972222222222222,0.5908878597803845,0.4629629629629629,0.3890600095295802
2,0.3715277777777778,0.34600089166108583,0.1620370370370371,0.052057152989817945
3,0.7465277777777778,0.7437748006884145,0.662037037037037,0.7815208072636973
4,0.4444444444444444,0.4259115132673986,0.2592592592592593,0.1283892175389134
5,0.3611111111111111,0.24669757563199335,0.14814814814814814,0.04378343768432358
6,0.4583333333333333,0.4527945219341713,0.2777777777777778,0.14649381725673694
7,0.5833333333333334,0.5835670069846464,0.4444444444444444,0.35973020138169876
8,0.6458333333333334,0.64622757935953,0.5277777777777778,0.5009248203411198
9,0.5833333333333334,0.5772041037024389,0.4444444444444444,0.35973020138169876
