mean_trialAcc,std_trialAcc,median_trialAcc,iqr_trialAcc,mean_macroF1,std_macroF1
0.5324074074074074,0.12317555737859733,0.5833333333333334,0.1527777777777778,0.5125628725566737,0.1476437350291103
