subject,trialAcc,macroF1,kappa,ITR
1,0.4479166666666667,0.3849882504864518,0.26388888888888884,0.13280995767278636
2,0.2465277777777778,0.20957638176313353,-0.004629629629629539,4.6527268776186403e-05
3,0.3368055555555556,0.27619909260266157,0.1157407407407407,0.027132686784210325
4,0.3125,0.21510264853446875,0.08333333333333337,0.01430004821964781
5,0.2847222222222222,0.1621857776582874,0.04629629629629628,0.004505893800283767
6,0.3194444444444444,0.27370339966188506,0.09259259259259256,0.017568676552407902
7,0.2604166666666667,0.15650156718736236,0.01388888888888884,0.00041367300799444173
8,0.3472222222222222,0.2834434790266597,0.12962962962962965,0.03380893243716998
9,0.3368055555555556,0.2674294944350123,0.1157407407407407,0.027132686784210325
