mean_trialAcc,std_trialAcc,median_trialAcc,iqr_trialAcc,mean_macroF1,std_macroF1
0.3213734567901234,0.05567866161505697,0.3194444444444444,0.05208333333333337,0.24768112126176917,0.06679081672650142
