subject,trialAcc,macroF1,kappa,ITR
1,0.6041666666666666,0.6095471839992375,0.4722222222222222,0.40415800137104685
2,0.3888888888888889,0.3765331669554436,0.18518518518518523,0.06733304030661968
3,0.7604166666666666,0.7607644039382935,0.6805555555555556,0.825922710434739
4,0.5,0.4632534400071344,0.33333333333333337,0.20751874963942196
5,0.4027777777777778,0.342442888584272,0.20370370370370372,0.0808728566115775
6,0.3993055555555556,0.39980910260244806,0.19907407407407407,0.0773789104153142
7,0.4618055555555556,0.4345441734043273,0.28240740740740744,0.15119534274999946
8,0.6458333333333334,0.6505872806198945,0.5277777777777778,0.5009248203411198
9,0.5069444444444444,0.5126513109531978,0.34259259259259256,0.2186645869734627
