mean_trialAcc,std_trialAcc,median_trialAcc,iqr_trialAcc,mean_macroF1,std_macroF1
0.5046296296296297,0.11624888453231219,0.4652777777777778,0.16666666666666669,0.4777799902440807,0.141818306858072
