mean_trialAcc,std_trialAcc,median_trialAcc,iqr_trialAcc,mean_macroF1,std_macroF1
0.5189043209876544,0.12026026738726339,0.5,0.20138888888888884,0.5055703278960277,0.1326219693165677
