subject,trialAcc,macroF1,kappa,ITR
1,0.6145833333333334,0.6065894807274117,0.48611111111111116,0.4273510608823541
2,0.46875,0.46788182325841127,0.29166666666666663,0.16080827259762165
3,0.6701388888888888,0.6478103004215778,0.5601851851851851,0.5623981006954295
4,0.5625,0.5563953914259028,0.41666666666666663,0.3178794976459969
5,0.6631944444444444,0.6634503860201393,0.5509259259259259,0.5444468363251431
6,0.4375,0.3967249861053057,0.25,0.11975918505585215
7,0.6736111111111112,0.6682228058770292,0.5648148148148149,0.5714915554125906
8,0.625,0.6094926709099937,0.5,0.45120505930460153
9,0.6909722222222222,0.6827499546670294,0.587962962962963,0.6181545550855092
