mean_trialAcc,std_trialAcc,median_trialAcc,iqr_trialAcc,mean_macroF1,std_macroF1
0.6006944444444444,0.08722890593248506,0.625,0.10763888888888884,0.5888130888236446,0.09279499361627454
