subject,trialAcc,macroF1,kappa,ITR
1,0.4548611111111111,0.3900997568005764,0.27314814814814814,0.1418623532943888
2,0.23958333333333334,0.19343316198200444,-0.01388888888888884,0.0004214079758038114
3,0.3229166666666667,0.22815879365617878,0.09722222222222221,0.019323238049338665
4,0.3125,0.22775029993420798,0.08333333333333337,0.01430004821964781
5,0.28125,0.15582495564754584,0.04166666666666663,0.0036597651782972473
6,0.3125,0.27483323492429446,0.08333333333333337,0.01430004821964781
7,0.23958333333333334,0.21389381174892905,-0.01388888888888884,0.0004214079758038114
8,0.3993055555555556,0.3708368418651787,0.19907407407407407,0.0773789104153142
9,0.3680555555555556,0.31649898405165655,0.15740740740740744,0.04922436511536632
