mean_trialAcc,std_trialAcc,median_trialAcc,iqr_trialAcc,mean_macroF1,std_macroF1
0.3256172839506173,0.06754298379634104,0.3125,0.08680555555555558,0.2634810934011747,0.07599497070373325
