{
  "pretrain_subjects": "2-9",
  "target_subject": 1,
  "results": [
    {
      "fraction": 0.05,
      "train_samples": 14,
      "test_accuracy": 0.7291666666666666,
      "test_precision": 0.7298827603523137,
      "test_recall": 0.7291666666666666,
      "test_f1_score": 0.7278733062852845,
      "confusion_matrix": [
        [
          46,
          16,
          7,
          3
        ],
        [
          7,
          61,
          3,
          1
        ],
        [
          3,
          1,
          51,
          17
        ],
        [
          5,
          0,
          15,
          52
        ]
      ]
    },
    {
      "fraction": 0.15,
      "train_samples": 43,
      "test_accuracy": 0.71875,
      "test_precision": 0.7243615582013783,
      "test_recall": 0.71875,
      "test_f1_score": 0.7179697114479723,
      "confusion_matrix": [
        [
          51,
          12,
          6,
          3
        ],
        [
          12,
          54,
          4,
          2
        ],
        [
          2,
          1,
          58,
          11
        ],
        [
          6,
          1,
          21,
          44
        ]
      ]
    },
    {
      "fraction": 0.2,
      "train_samples": 57,
      "test_accuracy": 0.7326388888888888,
      "test_precision": 0.7365886646945413,
      "test_recall": 0.7326388888888888,
      "test_f1_score": 0.7299637808689743,
      "confusion_matrix": [
        [
          57,
          12,
          2,
          1
        ],
        [
          11,
          61,
          0,
          0
        ],
        [
          12,
          1,
          41,
          18
        ],
        [
          7,
          1,
          12,
          52
        ]
      ]
    },
    {
      "fraction": 0.25,
      "train_samples": 72,
      "test_accuracy": 0.7708333333333334,
      "test_precision": 0.7797611458200518,
      "test_recall": 0.7708333333333334,
      "test_f1_score": 0.7708199647121159,
      "confusion_matrix": [
        [
          63,
          7,
          1,
          1
        ],
        [
          13,
          59,
          0,
          0
        ],
        [
          7,
          0,
          49,
          16
        ],
        [
          9,
          0,
          12,
          51
        ]
      ]
    }
  ]
}