subject,trialAcc,macroF1,kappa,ITR
1,0.6319444444444444,0.6325154119843754,0.5092592592592593,0.46747835836122675
2,0.3958333333333333,0.37149730051369395,0.19444444444444442,0.07395748038747274
3,0.6909722222222222,0.6884871970205813,0.587962962962963,0.6181545550855092
4,0.4236111111111111,0.3834293910683089,0.2314814814814815,0.10334835156654076
5,0.3923611111111111,0.32223451453537655,0.18981481481481477,0.07060878222911637
6,0.4236111111111111,0.39703027788377526,0.2314814814814815,0.10334835156654076
7,0.4618055555555556,0.4357934713520833,0.28240740740740744,0.15119534274999946
8,0.6319444444444444,0.63754727901136,0.5092592592592593,0.46747835836122675
9,0.5138888888888888,0.49428242103104536,0.35185185185185186,0.23008878461469462
