mean_trialAcc,std_trialAcc,median_trialAcc,iqr_trialAcc,mean_macroF1,std_macroF1
0.5073302469135802,0.10881408006304362,0.4618055555555556,0.20833333333333331,0.48475747382228884,0.12753045455298123
