subject,trialAcc,macroF1,kappa,ITR
1,0.6493055555555556,0.6410866766061263,0.5324074074074074,0.5094757318357521
2,0.3333333333333333,0.31683985719750096,0.11111111111111116,0.025062498798072985
3,0.7430555555555556,0.7433588263408665,0.6574074074074074,0.7706522870751257
4,0.4722222222222222,0.4288833818931805,0.2962962962962963,0.1657195414182968
5,0.3680555555555556,0.2604520373514431,0.15740740740740744,0.04922436511536632
6,0.4131944444444444,0.4140922522903695,0.21759259259259256,0.09178776225025342
7,0.5451388888888888,0.5462420534401958,0.3935185185185185,0.2849492457206042
8,0.6805555555555556,0.684959814805758,0.5740740740740741,0.5899162462572696
9,0.4756944444444444,0.46574076067971154,0.30092592592592593,0.17070060062291148
