mean_trialAcc,std_trialAcc,median_trialAcc,iqr_trialAcc,mean_macroF1,std_macroF1
0.5200617283950617,0.1360018002595194,0.4756944444444444,0.23611111111111116,0.5001839622894614,0.1563540849698388
