subject,trialAcc,macroF1,kappa,ITR
1,0.6458333333333334,0.6417116865375061,0.5277777777777778,0.5009248203411198
2,0.4618055555555556,0.4309208712434519,0.28240740740740744,0.15119534274999946
3,0.7326388888888888,0.7322163247221796,0.6435185185185186,0.7385902065271126
4,0.5902777777777778,0.5902760409547099,0.4537037037037037,0.37425126204036174
5,0.5763888888888888,0.5063630110042978,0.43518518518518523,0.34549540028782855
6,0.4409722222222222,0.42286082959385063,0.25462962962962965,0.12403892210078582
7,0.6875,0.6861003789781233,0.5833333333333333,0.6086609859900811
8,0.7222222222222222,0.7211065440073073,0.6296296296296297,0.7073274600390893
9,0.5347222222222222,0.5259387396306737,0.37962962962962965,0.2660336919317201
