mean_trialAcc,std_trialAcc,median_trialAcc,iqr_trialAcc,mean_macroF1,std_macroF1
0.5991512345679013,0.10087535779637746,0.5902777777777778,0.1527777777777778,0.5841660474080111,0.11222903859453727
