subject,trialAcc,macroF1,kappa,ITR
1,0.6458333333333334,0.6477508096856912,0.5277777777777778,0.5009248203411198
2,0.4027777777777778,0.3523626662581718,0.20370370370370372,0.0808728566115775
3,0.7222222222222222,0.7162521134841086,0.6296296296296297,0.7073274600390893
4,0.5277777777777778,0.508070263070263,0.37037037037037035,0.25377301368058314
5,0.40625,0.35114909725502547,0.20833333333333337,0.08443911179876107
6,0.53125,0.5146158142092379,0.375,0.2598684288926938
7,0.53125,0.5333231644132446,0.375,0.2598684288926938
8,0.6736111111111112,0.6766415799156822,0.5648148148148149,0.5714915554125906
9,0.6493055555555556,0.6512118833547406,0.5324074074074074,0.5094757318357521
