mean_trialAcc,std_trialAcc,median_trialAcc,iqr_trialAcc,mean_macroF1,std_macroF1
0.5655864197530864,0.10818440574075763,0.53125,0.12152777777777779,0.5501530435162406,0.12709015515083247
