subject,trialAcc,macroF1,kappa,ITR
1,0.5729166666666666,0.5755926168268773,0.4305555555555556,0.33848493577499283
2,0.3229166666666667,0.23876148261091923,0.09722222222222221,0.019323238049338665
3,0.4965277777777778,0.48686525892408244,0.3287037037037037,0.20205019510945
4,0.3645833333333333,0.3504027704870717,0.1527777777777778,0.04646636011654537
5,0.3229166666666667,0.2582767423580318,0.09722222222222221,0.019323238049338665
6,0.3402777777777778,0.33869866692447337,0.12037037037037035,0.029280745672794595
7,0.5486111111111112,0.5465951957866062,0.39814814814814814,0.291394612488004
8,0.5104166666666666,0.5033415125155702,0.3472222222222222,0.22434188320175852
9,0.40625,0.4124679964843899,0.20833333333333337,0.08443911179876107
