mean_trialAcc,std_trialAcc,median_trialAcc,iqr_trialAcc,mean_macroF1,std_macroF1
0.43171296296296297,0.09497795480985483,0.40625,0.17013888888888884,0.4123335825464469,0.11625424025620053
