subject,trialAcc,macroF1,kappa,ITR
1,0.6458333333333334,0.6482867140456637,0.5277777777777778,0.5009248203411198
2,0.4409722222222222,0.42983777399775214,0.25462962962962965,0.12403892210078582
3,0.6701388888888888,0.6501008524287811,0.5601851851851851,0.5623981006954295
4,0.4930555555555556,0.4622678457905731,0.32407407407407407,0.19665121890789106
5,0.3888888888888889,0.3112278244631186,0.18518518518518523,0.06733304030661968
6,0.4236111111111111,0.40766660848628056,0.2314814814814815,0.10334835156654076
7,0.5590277777777778,0.5460387127837704,0.4120370370370371,0.3111525506581445
8,0.625,0.6255543148333265,0.5,0.45120505930460153
9,0.5173611111111112,0.488653055878543,0.3564814814814815,0.23590531472848264
