mean_trialAcc,std_trialAcc,median_trialAcc,iqr_trialAcc,mean_macroF1,std_macroF1
0.529320987654321,0.09637960348692827,0.5173611111111112,0.1840277777777778,0.5077370780786454,0.11180314998580076
