subject,trialAcc,macroF1,kappa,ITR
1,0.7083333333333334,0.7024308523841669,0.6111111111111112,0.6668548013876316
2,0.375,0.35459813628421666,0.16666666666666663,0.05496443412431229
3,0.7083333333333334,0.7080612509881724,0.6111111111111112,0.6668548013876316
4,0.4548611111111111,0.42370432103891587,0.27314814814814814,0.1418623532943888
5,0.3611111111111111,0.26313779149210925,0.14814814814814814,0.04378343768432358
6,0.4583333333333333,0.45700254910781224,0.2777777777777778,0.14649381725673694
7,0.5659722222222222,0.5655460771723843,0.4212962962962963,0.32467712401700033
8,0.6701388888888888,0.6744520928720322,0.5601851851851851,0.5623981006954295
9,0.5,0.492672755626202,0.33333333333333337,0.20751874963942196
