mean_trialAcc,std_trialAcc,median_trialAcc,iqr_trialAcc,mean_macroF1,std_macroF1
0.5335648148148148,0.12851913557862327,0.5,0.21527777777777773,0.5157339807740013,0.14971767484673915
