subject,trialAcc,macroF1,kappa,ITR
1,0.6944444444444444,0.6947856851274319,0.5925925925925926,0.6277295830422893
2,0.40625,0.37982182859703023,0.20833333333333337,0.08443911179876107
3,0.6840277777777778,0.6762424353553274,0.5787037037037037,0.5992483774651955
4,0.5416666666666666,0.533785762732766,0.38888888888888884,0.27857402565016676
5,0.4444444444444444,0.36107429101488564,0.2592592592592593,0.1283892175389134
6,0.4548611111111111,0.4589283469636547,0.27314814814814814,0.1418623532943888
7,0.59375,0.5949626997909061,0.45833333333333337,0.3816195806839777
8,0.6527777777777778,0.6597039693750275,0.537037037037037,0.5181030298797455
9,0.5833333333333334,0.5608065697248666,0.4444444444444444,0.35973020138169876
