mean_trialAcc,std_trialAcc,median_trialAcc,iqr_trialAcc,mean_macroF1,std_macroF1
0.5617283950617282,0.10116267490122913,0.5833333333333334,0.19791666666666669,0.5466790654090995,0.11746614541887299
