subject,trialAcc,macroF1,kappa,ITR
1,0.59375,0.5940404965404965,0.45833333333333337,0.3816195806839777
2,0.3993055555555556,0.37662652983391437,0.19907407407407407,0.0773789104153142
3,0.6909722222222222,0.6873371883590862,0.587962962962963,0.6181545550855092
4,0.4513888888888889,0.4312833366183682,0.2685185185185185,0.13730103602900234
5,0.4826388888888889,0.42264748387715867,0.31018518518518523,0.18087189456455333
6,0.4166666666666667,0.3945891000078192,0.2222222222222222,0.09556978459483934
7,0.5034722222222222,0.4968522938848651,0.3379629629629629,0.2130568791422356
8,0.625,0.6266096690480863,0.5,0.45120505930460153
9,0.5416666666666666,0.49595497992920545,0.38888888888888884,0.27857402565016676
