mean_trialAcc,std_trialAcc,median_trialAcc,iqr_trialAcc,mean_macroF1,std_macroF1
0.5227623456790124,0.0929263531933617,0.5034722222222222,0.1423611111111111,0.502882342011,0.10379370948885118
