subject,trialAcc,macroF1,kappa,ITR
1,0.6458333333333334,0.6415240968182145,0.5277777777777778,0.5009248203411198
2,0.3923611111111111,0.37904203093743394,0.18981481481481477,0.07060878222911637
3,0.6770833333333334,0.6769755548170304,0.5694444444444444,0.580664123721415
4,0.4722222222222222,0.42840990852091687,0.2962962962962963,0.1657195414182968
5,0.3819444444444444,0.2896826008624905,0.17592592592592593,0.061001366861040074
6,0.4479166666666667,0.4438396667429958,0.26388888888888884,0.13280995767278636
7,0.4479166666666667,0.4247810733763424,0.26388888888888884,0.13280995767278636
8,0.6215277777777778,0.6225029521075925,0.49537037037037035,0.44317986992012126
9,0.46875,0.45875256089232874,0.29166666666666663,0.16080827259762165
