mean_trialAcc,std_trialAcc,median_trialAcc,iqr_trialAcc,mean_macroF1,std_macroF1
0.5061728395061729,0.10527672136817914,0.46875,0.1736111111111111,0.48505671611948276,0.12420828193198685
