mean_trialAcc,std_trialAcc,median_trialAcc,iqr_trialAcc,mean_macroF1,std_macroF1
0.4158950617283951,0.09809705848651505,0.4201388888888889,0.1111111111111111,0.34408129274028726,0.13869833347916902
