subject,trialAcc,macroF1,kappa,ITR
1,0.6423611111111112,0.6406689608863522,0.5231481481481481,0.49244995314487583
2,0.375,0.3061285390568415,0.16666666666666663,0.05496443412431229
3,0.8159722222222222,0.8163001396155819,0.7546296296296297,1.0195133804896432
4,0.5416666666666666,0.5285299921073401,0.38888888888888884,0.27857402565016676
5,0.5,0.4277967695010788,0.33333333333333337,0.20751874963942196
6,0.4270833333333333,0.42387201144217984,0.23611111111111116,0.10734457108649087
7,0.6284722222222222,0.6084517741606966,0.5046296296296297,0.459304462202893
8,0.7395833333333334,0.7419682539682539,0.6527777777777778,0.759874871270215
9,0.5763888888888888,0.5752840909090908,0.43518518518518523,0.34549540028782855
