subject,trialAcc,macroF1,kappa,ITR
1,0.6215277777777778,0.621755879528338,0.49537037037037035,0.44317986992012126
2,0.3819444444444444,0.3640871674340234,0.17592592592592593,0.061001366861040074
3,0.6597222222222222,0.6554630313153452,0.5462962962962963,0.5355882111809418
4,0.4791666666666667,0.4432532695663195,0.3055555555555556,0.17575139960489605
5,0.4513888888888889,0.39459564204787134,0.2685185185185185,0.13730103602900234
6,0.4652777777777778,0.45845840549769934,0.2870370370370371,0.15596685160386214
7,0.4895833333333333,0.47735601124896504,0.3194444444444444,0.19132183110340129
8,0.6423611111111112,0.6476296264256359,0.5231481481481481,0.49244995314487583
9,0.5486111111111112,0.5370622750157819,0.39814814814814814,0.291394612488004
