mean_trialAcc,std_trialAcc,median_trialAcc,iqr_trialAcc,mean_macroF1,std_macroF1
0.5266203703703705,0.09103139862146152,0.4895833333333333,0.15625,0.5110734786755532,0.10333268398197212
