subject,trialAcc,macroF1,kappa,ITR
1,0.59375,0.5906460887188949,0.45833333333333337,0.3816195806839777
2,0.3923611111111111,0.3681289514147284,0.18981481481481477,0.07060878222911637
3,0.6701388888888888,0.6677981247960963,0.5601851851851851,0.5623981006954295
4,0.4583333333333333,0.41173248365685605,0.2777777777777778,0.14649381725673694
5,0.3541666666666667,0.2467847038772339,0.13888888888888884,0.03864409096411592
6,0.4097222222222222,0.3983695224392754,0.2129629629629629,0.08807747718793091
7,0.4652777777777778,0.45463058305686965,0.2870370370370371,0.15596685160386214
8,0.6388888888888888,0.6436994514923958,0.5185185185185186,0.48405079899575587
9,0.4236111111111111,0.41498475514914257,0.2314814814814815,0.10334835156654076
