mean_trialAcc,std_trialAcc,median_trialAcc,iqr_trialAcc,mean_macroF1,std_macroF1
0.48958333333333326,0.10843863590621952,0.4583333333333333,0.1840277777777778,0.4663082960668326,0.1315379633101291
