subject,trialAcc,macroF1,kappa,ITR
1,0.6041666666666666,0.6023466639797997,0.4722222222222222,0.40415800137104685
2,0.375,0.34656615470653207,0.16666666666666663,0.05496443412431229
3,0.7256944444444444,0.726762177449495,0.6342592592592593,0.7176607629810356
4,0.5034722222222222,0.48179875398435235,0.3379629629629629,0.2130568791422356
5,0.4479166666666667,0.39257544991240645,0.26388888888888884,0.13280995767278636
6,0.3784722222222222,0.3730598630780119,0.17129629629629628,0.057945928772617616
7,0.4826388888888889,0.4674983711605448,0.31018518518518523,0.18087189456455333
8,0.6354166666666666,0.6407245142184902,0.5138888888888888,0.47572703739519207
9,0.5277777777777778,0.5334639725411174,0.37037037037037035,0.25377301368058314
