mean_trialAcc,std_trialAcc,median_trialAcc,iqr_trialAcc,mean_macroF1,std_macroF1
0.5200617283950617,0.11090327999358891,0.5034722222222222,0.15624999999999994,0.5071995467811944,0.12244548368948899
