subject,trialAcc,macroF1,kappa,ITR
1,0.6423611111111112,0.6441017268481635,0.5231481481481481,0.49244995314487583
2,0.3993055555555556,0.3663755032369258,0.19907407407407407,0.0773789104153142
3,0.6909722222222222,0.6867552300308306,0.587962962962963,0.6181545550855092
4,0.3611111111111111,0.3135415352932883,0.14814814814814814,0.04378343768432358
5,0.3645833333333333,0.2732463918786693,0.1527777777777778,0.04646636011654537
6,0.4236111111111111,0.3935307041755913,0.2314814814814815,0.10334835156654076
7,0.4756944444444444,0.45772511440018054,0.30092592592592593,0.17070060062291148
8,0.5902777777777778,0.5891094997109201,0.4537037037037037,0.37425126204036174
9,0.5208333333333334,0.49453866657286794,0.36111111111111116,0.24179150380161096
