subject,trialAcc,macroF1,kappa,ITR
1,0.6284722222222222,0.6248879106546017,0.5046296296296297,0.459304462202893
2,0.3506944444444444,0.3415511215329197,0.1342592592592593,0.036188318425962374
3,0.6736111111111112,0.6740771141486346,0.5648148148148149,0.5714915554125906
4,0.4340277777777778,0.38917918626674697,0.24537037037037035,0.11555012739406978
5,0.4097222222222222,0.33488119310037123,0.2129629629629629,0.08807747718793091
6,0.3923611111111111,0.37995694882367204,0.18981481481481477,0.07060878222911637
7,0.4618055555555556,0.4380518527577351,0.28240740740740744,0.15119534274999946
8,0.6493055555555556,0.6582679837209352,0.5324074074074074,0.5094757318357521
9,0.5034722222222222,0.4865230141527477,0.3379629629629629,0.2130568791422356
