mean_trialAcc,std_trialAcc,median_trialAcc,iqr_trialAcc,mean_macroF1,std_macroF1
0.4965277777777778,0.11518384541319193,0.4756944444444444,0.1909722222222222,0.46876937468304863,0.13824186775546202
