mean_trialAcc,std_trialAcc,median_trialAcc,iqr_trialAcc,mean_macroF1,std_macroF1
0.5003858024691358,0.11391434482481272,0.4618055555555556,0.21875,0.4808195916842627,0.129408333265325
