subject,trialAcc,macroF1,kappa,ITR
1,0.4236111111111111,0.388005791244365,0.2314814814814815,0.10334835156654076
2,0.3576388888888889,0.3011057235652787,0.1435185185185185,0.04117590780065772
3,0.3368055555555556,0.25912171537714723,0.1157407407407407,0.027132686784210325
4,0.3159722222222222,0.263525417595185,0.08796296296296291,0.015894123727547838
5,0.3159722222222222,0.200046685340803,0.08796296296296291,0.015894123727547838
6,0.2881944444444444,0.18040305010893246,0.05092592592592593,0.005437431031903417
7,0.3020833333333333,0.24206224643677154,0.06944444444444442,0.010005593768977805
8,0.2847222222222222,0.16738092426389545,0.04629629629629628,0.004505893800283767
9,0.4722222222222222,0.44300283720154976,0.2962962962962963,0.1657195414182968
