mean_trialAcc,std_trialAcc,median_trialAcc,iqr_trialAcc,mean_macroF1,std_macroF1
0.34413580246913583,0.06052796891799865,0.3159722222222222,0.05555555555555558,0.2716282656815476,0.08768097663796257
