mean_trialAcc,std_trialAcc,median_trialAcc,iqr_trialAcc,mean_macroF1,std_macroF1
0.5979938271604938,0.1232383774001752,0.5625,0.20138888888888895,0.5804684928773857,0.1383117506133426
