subject,trialAcc,macroF1,kappa,ITR
1,0.6770833333333334,0.6775351670808347,0.5694444444444444,0.580664123721415
2,0.4305555555555556,0.40034875090353816,0.2407407407407407,0.11141187747112058
3,0.6909722222222222,0.6692641269732058,0.587962962962963,0.6181545550855092
4,0.5486111111111112,0.5267994179287354,0.39814814814814814,0.291394612488004
5,0.4826388888888889,0.4140139636832782,0.31018518518518523,0.18087189456455333
6,0.4826388888888889,0.48554469753743956,0.31018518518518523,0.18087189456455333
7,0.5659722222222222,0.5649499154267367,0.4212962962962963,0.32467712401700033
8,0.6493055555555556,0.6505285504219555,0.5324074074074074,0.5094757318357521
9,0.5277777777777778,0.5197998903508771,0.37037037037037035,0.25377301368058314
