mean_trialAcc,std_trialAcc,median_trialAcc,iqr_trialAcc,mean_macroF1,std_macroF1
0.5459104938271605,0.14671048831975472,0.5972222222222222,0.23263888888888884,0.5245371172587259,0.1755112691317752
