mean_trialAcc,std_trialAcc,median_trialAcc,iqr_trialAcc,mean_macroF1,std_macroF1
0.5617283950617283,0.08739426570402337,0.5486111111111112,0.16666666666666669,0.5454204978118447,0.09838834154042081
