subject,trialAcc,macroF1,kappa,ITR
1,0.65625,0.6498572322935381,0.5416666666666667,0.526807067982235
2,0.3611111111111111,0.33559411004849377,0.14814814814814814,0.04378343768432358
3,0.65625,0.6459694886590974,0.5416666666666667,0.526807067982235
4,0.4965277777777778,0.4665398935967983,0.3287037037037037,0.20205019510945
5,0.34375,0.26430385680896595,0.125,0.031506286506873815
6,0.4166666666666667,0.3935051960000209,0.2222222222222222,0.09556978459483934
7,0.4236111111111111,0.39735471592314314,0.2314814814814815,0.10334835156654076
8,0.6458333333333334,0.6424324199007743,0.5277777777777778,0.5009248203411198
9,0.5451388888888888,0.5289405428638102,0.3935185185185185,0.2849492457206042
