mean_trialAcc,std_trialAcc,median_trialAcc,iqr_trialAcc,mean_macroF1,std_macroF1
0.5050154320987654,0.11944434475384236,0.4965277777777778,0.22916666666666669,0.4804997173438491,0.1362372222940941
