subject,trialAcc,macroF1,kappa,ITR
1,0.5798611111111112,0.5727473745766428,0.43981481481481477,0.3525771026067599
2,0.3923611111111111,0.35658605780737757,0.18981481481481477,0.07060878222911637
3,0.7673611111111112,0.7657144500875022,0.6898148148148149,0.8486928938280338
4,0.4965277777777778,0.487561781976377,0.3287037037037037,0.20205019510945
5,0.4027777777777778,0.34449162769386843,0.20370370370370372,0.0808728566115775
6,0.4826388888888889,0.4805425631824768,0.31018518518518523,0.18087189456455333
7,0.5173611111111112,0.5228065729386481,0.3564814814814815,0.23590531472848264
8,0.7013888888888888,0.7016312515619689,0.6018518518518519,0.6471260866070748
9,0.5555555555555556,0.5460333402730305,0.40740740740740744,0.30449616206348606
