mean_trialAcc,std_trialAcc,median_trialAcc,iqr_trialAcc,mean_macroF1,std_macroF1
0.5439814814814815,0.1182029762193221,0.5173611111111112,0.09722222222222227,0.5309016688997659,0.13160556168844
