subject,trialAcc,macroF1,kappa,ITR
1,0.6215277777777778,0.6156685366665058,0.49537037037037035,0.44317986992012126
2,0.4027777777777778,0.38837565662557244,0.20370370370370372,0.0808728566115775
3,0.7291666666666666,0.71777581392966,0.6388888888888888,0.7280814455191145
4,0.4479166666666667,0.4121814827625966,0.26388888888888884,0.13280995767278636
5,0.4548611111111111,0.4026807963768564,0.27314814814814814,0.1418623532943888
6,0.4097222222222222,0.39835836594857943,0.2129629629629629,0.08807747718793091
7,0.5590277777777778,0.5590170349897481,0.4120370370370371,0.3111525506581445
8,0.6458333333333334,0.6444261585482961,0.5277777777777778,0.5009248203411198
9,0.5277777777777778,0.5268552270354703,0.37037037037037035,0.25377301368058314
