mean_trialAcc,std_trialAcc,median_trialAcc,iqr_trialAcc,mean_macroF1,std_macroF1
0.5331790123456791,0.10814312291019432,0.5277777777777778,0.1736111111111111,0.518371008098143,0.11681197338818472
