subject,trialAcc,macroF1,kappa,ITR
1,0.4826388888888889,0.4657877135795757,0.31018518518518523,0.18087189456455333
2,0.2673611111111111,0.23596124645144254,0.02314814814814814,0.001142376330463657
3,0.3888888888888889,0.34985460851007066,0.18518518518518523,0.06733304030661968
4,0.3680555555555556,0.2905547834416295,0.15740740740740744,0.04922436511536632
5,0.3125,0.20774976657329597,0.08333333333333337,0.01430004821964781
6,0.2847222222222222,0.23646837940414367,0.04629629629629628,0.004505893800283767
7,0.2361111111111111,0.1857643171324053,-0.0185185185185186,0.0007515958555828206
8,0.40625,0.3687756456262713,0.20833333333333337,0.08443911179876107
9,0.3854166666666667,0.3336553777283223,0.18055555555555558,0.06413048780042252
