mean_trialAcc,std_trialAcc,median_trialAcc,iqr_trialAcc,mean_macroF1,std_macroF1
0.3479938271604938,0.07399767793989806,0.3680555555555556,0.10416666666666669,0.29717464871635074,0.08534135121904299
