subject,trialAcc,macroF1,kappa,ITR
1,0.5451388888888888,0.5279943537373367,0.3935185185185185,0.2849492457206042
2,0.24305555555555555,0.2212559172217335,-0.0092592592592593,0.00018669588513753332
3,0.3576388888888889,0.3380308213864581,0.1435185185185185,0.04117590780065772
4,0.3923611111111111,0.34964876052911914,0.18981481481481477,0.07060878222911637
5,0.34375,0.24660299322886295,0.125,0.031506286506873815
6,0.3472222222222222,0.339612416609188,0.12962962962962965,0.03380893243716998
7,0.2569444444444444,0.20551146074049237,0.0092592592592593,0.00018440478011960693
8,0.4479166666666667,0.4388767737343449,0.26388888888888884,0.13280995767278636
9,0.46875,0.46000081862069175,0.29166666666666663,0.16080827259762165
