mean_trialAcc,std_trialAcc,median_trialAcc,iqr_trialAcc,mean_macroF1,std_macroF1
0.37808641975308643,0.09229472407075638,0.3576388888888889,0.10416666666666669,0.3475038128675808,0.10541946728757441
