subject,trialAcc,macroF1,kappa,ITR
1,0.6666666666666666,0.6635151685920917,0.5555555555555556,0.5533833323717918
2,0.3819444444444444,0.36532324264882404,0.17592592592592593,0.061001366861040074
3,0.7569444444444444,0.7427510448775858,0.6759259259259259,0.8146813143112872
4,0.5173611111111112,0.5043067200778439,0.3564814814814815,0.23590531472848264
5,0.5,0.4788052913473082,0.33333333333333337,0.20751874963942196
6,0.3819444444444444,0.35150453060589565,0.17592592592592593,0.061001366861040074
7,0.7395833333333334,0.7383456021076047,0.6527777777777778,0.759874871270215
8,0.7118055555555556,0.6937807867049258,0.6157407407407407,0.6768451570318379
9,0.6909722222222222,0.6953299572632745,0.587962962962963,0.6181545550855092
