mean_trialAcc,std_trialAcc,median_trialAcc,iqr_trialAcc,mean_macroF1,std_macroF1
0.5941358024691358,0.14179487326570855,0.6666666666666666,0.21180555555555558,0.5815180382472617,0.14870869120910157
