subject,trialAcc,macroF1,kappa,ITR
1,0.4513888888888889,0.4140289820710834,0.2685185185185185,0.13730103602900234
2,0.2777777777777778,0.2204362506945533,0.03703703703703709,0.0028996819407973717
3,0.3472222222222222,0.3040322272554239,0.12962962962962965,0.03380893243716998
4,0.3472222222222222,0.23958670760390405,0.12962962962962965,0.03380893243716998
5,0.2951388888888889,0.1816950633464395,0.06018518518518523,0.007554280203176056
6,0.2916666666666667,0.24178832879039966,0.05555555555555558,0.006453759420483207
7,0.22569444444444445,0.16870102478895824,-0.03240740740740744,0.002324817544700375
8,0.3541666666666667,0.2941562575794324,0.13888888888888884,0.03864409096411592
9,0.4097222222222222,0.3569756015309554,0.2129629629629629,0.08807747718793091
