mean_trialAcc,std_trialAcc,median_trialAcc,iqr_trialAcc,mean_macroF1,std_macroF1
0.3333333333333333,0.06537046873353212,0.3472222222222222,0.0625,0.2690444937401278,0.07621554193252594
