subject,trialAcc,macroF1,kappa,ITR
1,0.6388888888888888,0.6323888284195416,0.5185185185185186,0.48405079899575587
2,0.4479166666666667,0.45177044985984305,0.26388888888888884,0.13280995767278636
3,0.7152777777777778,0.7127485364460626,0.6203703703703703,0.6869203038330037
4,0.5520833333333334,0.533716702356476,0.4027777777777778,0.29791021816457364
5,0.4270833333333333,0.372865280525425,0.23611111111111116,0.10734457108649087
6,0.4479166666666667,0.39454630995507295,0.26388888888888884,0.13280995767278636
7,0.5625,0.5520161053085743,0.41666666666666663,0.3178794976459969
8,0.65625,0.6591597215120838,0.5416666666666667,0.526807067982235
9,0.5243055555555556,0.5247913074750612,0.3657407407407407,0.2477473888524122
