mean_trialAcc,std_trialAcc,median_trialAcc,iqr_trialAcc,mean_macroF1,std_macroF1
0.5524691358024691,0.09616160402444197,0.5520833333333334,0.19097222222222215,0.5371114713175711,0.1104496437166094
