subject,trialAcc,macroF1,kappa,ITR
1,0.5416666666666666,0.5308048844918511,0.38888888888888884,0.27857402565016676
2,0.3263888888888889,0.284350401371678,0.10185185185185186,0.02115735377330008
3,0.6493055555555556,0.6398910836000083,0.5324074074074074,0.5094757318357521
4,0.4236111111111111,0.41271069738415933,0.2314814814814815,0.10334835156654076
5,0.3541666666666667,0.24800721266361017,0.13888888888888884,0.03864409096411592
6,0.4375,0.41333335014491585,0.25,0.11975918505585215
7,0.4166666666666667,0.37469363049725074,0.2222222222222222,0.09556978459483934
8,0.5798611111111112,0.5814678594342024,0.43981481481481477,0.3525771026067599
9,0.46875,0.4437175886106147,0.29166666666666663,0.16080827259762165
