mean_trialAcc,std_trialAcc,median_trialAcc,iqr_trialAcc,mean_macroF1,std_macroF1
0.46643518518518523,0.09963120007711734,0.4375,0.12499999999999994,0.4365529675775879,0.12244308240855907
