subject,trialAcc,macroF1,kappa,ITR
1,0.5625,0.5656089005615217,0.41666666666666663,0.3178794976459969
2,0.3784722222222222,0.3441188441188441,0.17129629629629628,0.057945928772617616
3,0.6701388888888888,0.6720800555199823,0.5601851851851851,0.5623981006954295
4,0.46875,0.43661833628543234,0.29166666666666663,0.16080827259762165
5,0.3020833333333333,0.2045579094826701,0.06944444444444442,0.010005593768977805
6,0.4791666666666667,0.4633482905093075,0.3055555555555556,0.17575139960489605
7,0.5173611111111112,0.5064437689969604,0.3564814814814815,0.23590531472848264
8,0.6041666666666666,0.6088185749276084,0.4722222222222222,0.40415800137104685
9,0.5208333333333334,0.5268528232756469,0.36111111111111116,0.24179150380161096
