mean_trialAcc,std_trialAcc,median_trialAcc,iqr_trialAcc,mean_macroF1,std_macroF1
0.5003858024691358,0.10529792670508267,0.5173611111111112,0.09375,0.48093861151977485,0.13341483750628344
