subject,trialAcc,macroF1,kappa,ITR
1,0.65625,0.6544865915303872,0.5416666666666667,0.526807067982235
2,0.3888888888888889,0.37052860606556337,0.18518518518518523,0.06733304030661968
3,0.7222222222222222,0.7207736320776834,0.6296296296296297,0.7073274600390893
4,0.4201388888888889,0.3770915305103374,0.22685185185185186,0.09942336985268607
5,0.25,0.1,0.0,0
6,0.4618055555555556,0.4540213819668747,0.28240740740740744,0.15119534274999946
7,0.5,0.4877929971176899,0.33333333333333337,0.20751874963942196
8,0.6319444444444444,0.6302939267086028,0.5092592592592593,0.46747835836122675
9,0.5381944444444444,0.5435149513944032,0.3842592592592593,0.27226886711064346
