mean_trialAcc,std_trialAcc,median_trialAcc,iqr_trialAcc,mean_macroF1,std_macroF1
0.5077160493827161,0.1393681716651313,0.5,0.21180555555555552,0.4820559574857268,0.17723544977574288
