subject,trialAcc,macroF1,kappa,ITR
1,0.6770833333333334,0.6699191154657232,0.5694444444444444,0.580664123721415
2,0.3993055555555556,0.3848365658028864,0.19907407407407407,0.0773789104153142
3,0.71875,0.7137994230459984,0.625,0.6970808592438031
4,0.5,0.487943872904819,0.33333333333333337,0.20751874963942196
5,0.4201388888888889,0.28161441768892925,0.22685185185185186,0.09942336985268607
6,0.4618055555555556,0.4632808879802709,0.28240740740740744,0.15119534274999946
7,0.6354166666666666,0.6362698112698113,0.5138888888888888,0.47572703739519207
8,0.6354166666666666,0.6386107183530592,0.5138888888888888,0.47572703739519207
9,0.5381944444444444,0.5353603970529078,0.3842592592592593,0.27226886711064346
