mean_trialAcc,std_trialAcc,median_trialAcc,iqr_trialAcc,mean_macroF1,std_macroF1
0.5540123456790123,0.11008290546353416,0.5381944444444444,0.17361111111111105,0.534626134396045,0.1355127092676838
