subject,trialAcc,macroF1,kappa,ITR
1,0.4548611111111111,0.38951732225991864,0.27314814814814814,0.1418623532943888
2,0.2638888888888889,0.23436831498182342,0.01851851851851849,0.000733252850137367
3,0.3263888888888889,0.2505835636285584,0.10185185185185186,0.02115735377330008
4,0.3576388888888889,0.26019221801317227,0.1435185185185185,0.04117590780065772
5,0.2708333333333333,0.14719873150105708,0.02777777777777779,0.00164029935525134
6,0.2986111111111111,0.2196078966744263,0.06481481481481477,0.008738412705498133
7,0.2604166666666667,0.17263986013986016,0.01388888888888884,0.00041367300799444173
8,0.375,0.33099740590198606,0.16666666666666663,0.05496443412431229
9,0.375,0.3276358077670878,0.16666666666666663,0.05496443412431229
