mean_trialAcc,std_trialAcc,median_trialAcc,iqr_trialAcc,mean_macroF1,std_macroF1
0.3314043209876543,0.06155212099756504,0.3263888888888889,0.10416666666666669,0.25919345787421005,0.07387470476096823
