mean_trialAcc,std_trialAcc,median_trialAcc,iqr_trialAcc,mean_macroF1,std_macroF1
0.6076388888888888,0.1114601962268842,0.6006944444444444,0.1840277777777778,0.5897909150968211,0.12537054083023047
