subject,trialAcc,macroF1,kappa,ITR
1,0.4965277777777778,0.5006187452374904,0.3287037037037037,0.20205019510945
2,0.3472222222222222,0.2987310647767698,0.12962962962962965,0.03380893243716998
3,0.6875,0.6790598290598291,0.5833333333333333,0.6086609859900811
4,0.4756944444444444,0.4701673906277487,0.30092592592592593,0.17070060062291148
5,0.3402777777777778,0.25935247465633265,0.12037037037037035,0.029280745672794595
6,0.4166666666666667,0.3772374855966187,0.2222222222222222,0.09556978459483934
7,0.46875,0.4515348627169585,0.29166666666666663,0.16080827259762165
8,0.5555555555555556,0.5519824120807224,0.40740740740740744,0.30449616206348606
9,0.4722222222222222,0.462852365026278,0.2962962962962963,0.1657195414182968
