mean_trialAcc,std_trialAcc,median_trialAcc,iqr_trialAcc,mean_macroF1,std_macroF1
0.47337962962962965,0.10000696563531458,0.4722222222222222,0.0798611111111111,0.4501707366420832,0.12042896873432948
