subject,trialAcc,macroF1,kappa,ITR
1,0.5798611111111112,0.5750366300366301,0.43981481481481477,0.3525771026067599
2,0.3715277777777778,0.3295159515951595,0.1620370370370371,0.052057152989817945
3,0.5069444444444444,0.49438016263607854,0.34259259259259256,0.2186645869734627
4,0.4513888888888889,0.45290675280844983,0.2685185185185185,0.13730103602900234
5,0.4444444444444444,0.42241907197171735,0.2592592592592593,0.1283892175389134
6,0.3576388888888889,0.35692410572607336,0.1435185185185185,0.04117590780065772
7,0.5694444444444444,0.5633047630464317,0.42592592592592593,0.3315455581268365
8,0.4791666666666667,0.472578037502159,0.3055555555555556,0.17575139960489605
9,0.5277777777777778,0.5250928117003708,0.37037037037037035,0.25377301368058314
