mean_trialAcc,std_trialAcc,median_trialAcc,iqr_trialAcc,mean_macroF1,std_macroF1
0.4764660493827161,0.07430479436298447,0.4791666666666667,0.08333333333333337,0.4657953652247856,0.0804802721972484
