subject,trialAcc,macroF1,kappa,ITR
1,0.6493055555555556,0.6477810821298217,0.5324074074074074,0.5094757318357521
2,0.4236111111111111,0.42351841395319656,0.2314814814814815,0.10334835156654076
3,0.7152777777777778,0.7086297475842904,0.6203703703703703,0.6869203038330037
4,0.4583333333333333,0.4174608337399035,0.2777777777777778,0.14649381725673694
5,0.4375,0.3650428895279799,0.25,0.11975918505585215
6,0.4652777777777778,0.4506747972820969,0.2870370370370371,0.15596685160386214
7,0.5138888888888888,0.5029296237940056,0.35185185185185186,0.23008878461469462
8,0.6354166666666666,0.6374756352925086,0.5138888888888888,0.47572703739519207
9,0.5104166666666666,0.5042004335655564,0.3472222222222222,0.22434188320175852
