mean_trialAcc,std_trialAcc,median_trialAcc,iqr_trialAcc,mean_macroF1,std_macroF1
0.5343364197530864,0.09963717567839885,0.5104166666666666,0.17708333333333331,0.517523717429929,0.11295830826633314
