subject,trialAcc,macroF1,kappa,ITR
1,0.3819444444444444,0.3392233981693364,0.17592592592592593,0.061001366861040074
2,0.2673611111111111,0.19449486479325104,0.02314814814814814,0.001142376330463657
3,0.2673611111111111,0.1401492947086453,0.02314814814814814,0.001142376330463657
4,0.3020833333333333,0.22167479377372884,0.06944444444444442,0.010005593768977805
5,0.2777777777777778,0.16493050432319178,0.03703703703703709,0.0028996819407973717
6,0.3645833333333333,0.3331565173446506,0.1527777777777778,0.04646636011654537
7,0.2743055555555556,0.20892668213663357,0.03240740740740744,0.0022263008499583403
8,0.3854166666666667,0.348889336678757,0.18055555555555558,0.06413048780042252
9,0.4131944444444444,0.3774158912783147,0.21759259259259256,0.09178776225025342
