mean_trialAcc,std_trialAcc,median_trialAcc,iqr_trialAcc,mean_macroF1,std_macroF1
0.32600308641975306,0.05597460697741862,0.3020833333333333,0.10763888888888884,0.25876236480072323,0.08503128274985909
