subject,trialAcc,macroF1,kappa,ITR
1,0.4756944444444444,0.4379900306906624,0.30092592592592593,0.17070060062291148
2,0.2326388888888889,0.18516425638921483,-0.02314814814814814,0.00117822330352646
3,0.3368055555555556,0.2412914167891949,0.1157407407407407,0.027132686784210325
4,0.3125,0.22340806372219985,0.08333333333333337,0.01430004821964781
5,0.2743055555555556,0.155068407960199,0.03240740740740744,0.0022263008499583403
6,0.3055555555555556,0.23346264694739996,0.07407407407407407,0.011355277206284375
7,0.23958333333333334,0.18294102527609551,-0.01388888888888884,0.0004214079758038114
8,0.3715277777777778,0.3499958550753472,0.1620370370370371,0.052057152989817945
9,0.3611111111111111,0.32680665554308685,0.14814814814814814,0.04378343768432358
