mean_trialAcc,std_trialAcc,median_trialAcc,iqr_trialAcc,mean_macroF1,std_macroF1
0.32330246913580246,0.07088483898949965,0.3125,0.08680555555555552,0.2595698175992667,0.08767585108886768
