subject,trialAcc,macroF1,kappa,ITR
1,0.6284722222222222,0.623390634437146,0.5046296296296297,0.459304462202893
2,0.4027777777777778,0.336731372456298,0.20370370370370372,0.0808728566115775
3,0.7916666666666666,0.7898649339880682,0.7222222222222222,0.9315146128729752
4,0.5243055555555556,0.5144363336961988,0.3657407407407407,0.2477473888524122
5,0.4583333333333333,0.3727513610096006,0.2777777777777778,0.14649381725673694
6,0.3854166666666667,0.36304770945111625,0.18055555555555558,0.06413048780042252
7,0.6944444444444444,0.6949975948260123,0.5925925925925926,0.6277295830422893
8,0.7222222222222222,0.7143312705030928,0.6296296296296297,0.7073274600390893
9,0.6145833333333334,0.6129734279278458,0.48611111111111116,0.4273510608823541
