mean_trialAcc,std_trialAcc,median_trialAcc,iqr_trialAcc,mean_macroF1,std_macroF1
0.5802469135802469,0.13697020044553457,0.6145833333333334,0.2361111111111111,0.5580582931439309,0.15897176178347724
