subject,trialAcc,macroF1,kappa,ITR
1,0.4826388888888889,0.4279805204067078,0.31018518518518523,0.18087189456455333
2,0.23958333333333334,0.21379855630344868,-0.01388888888888884,0.0004214079758038114
3,0.3576388888888889,0.3208217773746371,0.1435185185185185,0.04117590780065772
4,0.3576388888888889,0.31450686035953496,0.1435185185185185,0.04117590780065772
5,0.3125,0.20684739902561683,0.08333333333333337,0.01430004821964781
6,0.2951388888888889,0.2804285601046764,0.06018518518518523,0.007554280203176056
7,0.2951388888888889,0.28157174240933835,0.06018518518518523,0.007554280203176056
8,0.4305555555555556,0.41142824092830277,0.2407407407407407,0.11141187747112058
9,0.4513888888888889,0.4324395624662588,0.2685185185185185,0.13730103602900234
