mean_trialAcc,std_trialAcc,median_trialAcc,iqr_trialAcc,mean_macroF1,std_macroF1
0.35802469135802467,0.07711225343868319,0.3576388888888889,0.13541666666666669,0.32109146881983575,0.08151795097808906
