subject,trialAcc,macroF1,kappa,ITR
1,0.59375,0.5899215367965368,0.45833333333333337,0.3816195806839777
2,0.3576388888888889,0.3184426438639627,0.1435185185185185,0.04117590780065772
3,0.7361111111111112,0.7247306851080436,0.6481481481481481,0.7491877670795727
4,0.4583333333333333,0.4329428673892506,0.2777777777777778,0.14649381725673694
5,0.5138888888888888,0.4606559528195455,0.35185185185185186,0.23008878461469462
6,0.5208333333333334,0.5159639361347413,0.36111111111111116,0.24179150380161096
7,0.5972222222222222,0.5999066158876285,0.4629629629629629,0.3890600095295802
8,0.6423611111111112,0.6420761368798407,0.5231481481481481,0.49244995314487583
9,0.5138888888888888,0.5160039561960258,0.35185185185185186,0.23008878461469462
