mean_trialAcc,std_trialAcc,median_trialAcc,iqr_trialAcc,mean_macroF1,std_macroF1
0.5482253086419754,0.1033590664265069,0.5208333333333334,0.08333333333333337,0.5334049256750639,0.11461645371704796
