subject,trialAcc,macroF1,kappa,ITR
1,0.6631944444444444,0.6574865039877726,0.5509259259259259,0.5444468363251431
2,0.3958333333333333,0.33736077452204355,0.19444444444444442,0.07395748038747274
3,0.7673611111111112,0.7653623033679217,0.6898148148148149,0.8486928938280338
4,0.4305555555555556,0.40757919621749406,0.2407407407407407,0.11141187747112058
5,0.2916666666666667,0.18747134424736767,0.05555555555555558,0.006453759420483207
6,0.4756944444444444,0.47981709266614425,0.30092592592592593,0.17070060062291148
7,0.5972222222222222,0.5942058400512454,0.4629629629629629,0.3890600095295802
8,0.6840277777777778,0.6844210964169721,0.5787037037037037,0.5992483774651955
9,0.6076388888888888,0.6071299038515716,0.47685185185185186,0.4118159872454761
