subject,trialAcc,macroF1,kappa,ITR
1,0.5868055555555556,0.5894719914981682,0.44907407407407407,0.3669548630698991
2,0.3402777777777778,0.3169278708477754,0.12037037037037035,0.029280745672794595
3,0.6666666666666666,0.6600435672854578,0.5555555555555556,0.5533833323717918
4,0.4340277777777778,0.39337136342200163,0.24537037037037035,0.11555012739406978
5,0.2638888888888889,0.12836632350459293,0.01851851851851849,0.000733252850137367
6,0.4479166666666667,0.40168329358193144,0.26388888888888884,0.13280995767278636
7,0.53125,0.5220578787669135,0.375,0.2598684288926938
8,0.5868055555555556,0.5785457168933009,0.44907407407407407,0.3669548630698991
9,0.4895833333333333,0.48134371106259255,0.3194444444444444,0.19132183110340129
