mean_trialAcc,std_trialAcc,median_trialAcc,iqr_trialAcc,mean_macroF1,std_macroF1
0.4830246913580247,0.12002983842880457,0.4895833333333333,0.1527777777777778,0.4524235240958594,0.15380881451734643
