subject,trialAcc,macroF1,kappa,ITR
1,0.625,0.6248642893661122,0.5,0.45120505930460153
2,0.3993055555555556,0.3713238050165493,0.19907407407407407,0.0773789104153142
3,0.65625,0.6453984819734345,0.5416666666666667,0.526807067982235
4,0.4097222222222222,0.3721209413398603,0.2129629629629629,0.08807747718793091
5,0.3888888888888889,0.33966981236135535,0.18518518518518523,0.06733304030661968
6,0.4236111111111111,0.37600078420151856,0.2314814814814815,0.10334835156654076
7,0.4826388888888889,0.4638763418269856,0.31018518518518523,0.18087189456455333
8,0.5833333333333334,0.5871723191299083,0.4444444444444444,0.35973020138169876
9,0.4166666666666667,0.36469985169111213,0.2222222222222222,0.09556978459483934
