mean_trialAcc,std_trialAcc,median_trialAcc,iqr_trialAcc,mean_macroF1,std_macroF1
0.48726851851851855,0.09957740352887703,0.4236111111111111,0.17361111111111116,0.46056962521187067,0.11735098003496014
