subject,trialAcc,macroF1,kappa,ITR
1,0.4270833333333333,0.37439406060095715,0.23611111111111116,0.10734457108649087
2,0.2361111111111111,0.19747079192063724,-0.0185185185185186,0.0007515958555828206
3,0.40625,0.3630150761396279,0.20833333333333337,0.08443911179876107
4,0.3576388888888889,0.2474429007092324,0.1435185185185185,0.04117590780065772
5,0.2847222222222222,0.1628697721863312,0.04629629629629628,0.004505893800283767
6,0.2986111111111111,0.251425285611072,0.06481481481481477,0.008738412705498133
7,0.2361111111111111,0.15691456116913916,-0.0185185185185186,0.0007515958555828206
8,0.3923611111111111,0.3508492542613278,0.18981481481481477,0.07060878222911637
9,0.3819444444444444,0.34424034312201246,0.17592592592592593,0.061001366861040074
