mean_trialAcc,std_trialAcc,median_trialAcc,iqr_trialAcc,mean_macroF1,std_macroF1
0.33564814814814814,0.06909634979907084,0.3576388888888889,0.1076388888888889,0.2720691161911486,0.08295859376676486
