subject,trialAcc,macroF1,kappa,ITR
1,0.6319444444444444,0.6297750473006669,0.5092592592592593,0.46747835836122675
2,0.40625,0.38772683850153516,0.20833333333333337,0.08443911179876107
3,0.6875,0.6847356623476026,0.5833333333333333,0.6086609859900811
4,0.4722222222222222,0.4409877425882271,0.2962962962962963,0.1657195414182968
5,0.3923611111111111,0.33054035567715456,0.18981481481481477,0.07060878222911637
6,0.3923611111111111,0.3744860856511342,0.18981481481481477,0.07060878222911637
7,0.53125,0.5264974136272991,0.375,0.2598684288926938
8,0.5902777777777778,0.5945775988152882,0.4537037037037037,0.37425126204036174
9,0.5173611111111112,0.49838371172957635,0.3564814814814815,0.23590531472848264
