mean_trialAcc,std_trialAcc,median_trialAcc,iqr_trialAcc,mean_macroF1,std_macroF1
0.5135030864197532,0.10169975549750251,0.5173611111111112,0.1840277777777778,0.4964122729153872,0.11597923777578233
