subject,trialAcc,macroF1,kappa,ITR
1,0.4618055555555556,0.45295833219945225,0.28240740740740744,0.15119534274999946
2,0.3333333333333333,0.27197662103828635,0.11111111111111116,0.025062498798072985
3,0.6875,0.6828421229288826,0.5833333333333333,0.6086609859900811
4,0.3229166666666667,0.27064788372208864,0.09722222222222221,0.019323238049338665
5,0.3645833333333333,0.2921330785603715,0.1527777777777778,0.04646636011654537
6,0.3298611111111111,0.2775376399602406,0.10648148148148151,0.02307058308892551
7,0.3472222222222222,0.2632071796715809,0.12962962962962965,0.03380893243716998
8,0.4548611111111111,0.4322364050294568,0.27314814814814814,0.1418623532943888
9,0.3888888888888889,0.3190382925162256,0.18518518518518523,0.06733304030661968
