subject,trialAcc,macroF1,kappa,ITR
1,0.4618055555555556,0.41008833300316005,0.28240740740740744,0.15119534274999946
2,0.3541666666666667,0.2930549854889547,0.13888888888888884,0.03864409096411592
3,0.5138888888888888,0.42467341565048444,0.35185185185185186,0.23008878461469462
4,0.3645833333333333,0.31687628943172047,0.1527777777777778,0.04646636011654537
5,0.3263888888888889,0.21346998084482,0.10185185185185186,0.02115735377330008
6,0.2951388888888889,0.1920381836945304,0.06018518518518523,0.007554280203176056
7,0.3055555555555556,0.24633185424230203,0.07407407407407407,0.011355277206284375
8,0.3923611111111111,0.34481190768918696,0.18981481481481477,0.07060878222911637
9,0.4930555555555556,0.4524424615462393,0.32407407407407407,0.19665121890789106
