mean_trialAcc,std_trialAcc,median_trialAcc,iqr_trialAcc,mean_macroF1,std_macroF1
0.3896604938271605,0.07690931338857172,0.3645833333333333,0.13541666666666669,0.3215319346212665,0.08887794698671922
