subject,trialAcc,macroF1,kappa,ITR
1,0.5833333333333334,0.5833562150824916,0.4444444444444444,0.35973020138169876
2,0.3854166666666667,0.3710153229521952,0.18055555555555558,0.06413048780042252
3,0.6666666666666666,0.6681742096787864,0.5555555555555556,0.5533833323717918
4,0.4756944444444444,0.43933112844087086,0.30092592592592593,0.17070060062291148
5,0.3472222222222222,0.2576112412177986,0.12962962962962965,0.03380893243716998
6,0.4479166666666667,0.43867504186453526,0.26388888888888884,0.13280995767278636
7,0.4826388888888889,0.46456359655358714,0.31018518518518523,0.18087189456455333
8,0.6423611111111112,0.6481138574922892,0.5231481481481481,0.49244995314487583
9,0.46875,0.4632270622507385,0.29166666666666663,0.16080827259762165
