mean_trialAcc,std_trialAcc,median_trialAcc,iqr_trialAcc,mean_macroF1,std_macroF1
0.5,0.10330144785502166,0.4756944444444444,0.13541666666666669,0.4815630750592547,0.1245204417700066
