subject,trialAcc,macroF1,kappa,ITR
1,0.7048611111111112,0.6995174210034891,0.6064814814814814,0.6569486381375391
2,0.4965277777777778,0.47231366894949733,0.3287037037037037,0.20205019510945
3,0.7638888888888888,0.7559515928185243,0.6851851851851851,0.837259582347304
4,0.5694444444444444,0.5697496048041486,0.42592592592592593,0.3315455581268365
5,0.5138888888888888,0.49950385414684983,0.35185185185185186,0.23008878461469462
6,0.4444444444444444,0.43848887453862484,0.2592592592592593,0.1283892175389134
7,0.6909722222222222,0.6843174390968508,0.587962962962963,0.6181545550855092
8,0.78125,0.7847243671352795,0.7083333333333333,0.8954109904288516
9,0.6805555555555556,0.6716263435793369,0.5740740740740741,0.5899162462572696
