mean_trialAcc,std_trialAcc,median_trialAcc,iqr_trialAcc,mean_macroF1,std_macroF1
0.6273148148148148,0.11643311425888234,0.6805555555555556,0.19097222222222232,0.6195770184525112,0.12043547811178038
