subject,trialAcc,macroF1,kappa,ITR
1,0.6388888888888888,0.6361773962688753,0.5185185185185186,0.48405079899575587
2,0.4097222222222222,0.38673785305155045,0.2129629629629629,0.08807747718793091
3,0.6944444444444444,0.6889669487528985,0.5925925925925926,0.6277295830422893
4,0.4652777777777778,0.4236258281213156,0.2870370370370371,0.15596685160386214
5,0.3888888888888889,0.2796447640841233,0.18518518518518523,0.06733304030661968
6,0.4340277777777778,0.4348566519067474,0.24537037037037035,0.11555012739406978
7,0.4548611111111111,0.4387764171511103,0.27314814814814814,0.1418623532943888
8,0.6736111111111112,0.6770228181781623,0.5648148148148149,0.5714915554125906
9,0.5208333333333334,0.4998548211524115,0.36111111111111116,0.24179150380161096
