mean_trialAcc,std_trialAcc,median_trialAcc,iqr_trialAcc,mean_macroF1,std_macroF1
0.5200617283950617,0.11162566256082408,0.4652777777777778,0.20486111111111105,0.49618483318524387,0.13361163941417423
