{
  "pretrain_subjects": [
    1,
    2,
    3,
    4,
    6,
    7,
    8,
    9
  ],
  "target_subject": 5,
  "results": [
    {
      "fraction": 0.05,
      "train_samples": 14,
      "test_accuracy": 0.6111111111111112,
      "test_precision": 0.6349596970328677,
      "test_recall": 0.6111111111111112,
      "test_f1_score": 0.6110264037870938,
      "confusion_matrix": [
        [
          48,
          1,
          4,
          19
        ],
        [
          5,
          38,
          7,
          22
        ],
        [
          20,
          7,
          38,
          7
        ],
        [
          9,
          8,
          3,
          52
        ]
      ]
    },
    {
      "fraction": 0.15,
      "train_samples": 43,
      "test_accuracy": 0.5868055555555556,
      "test_precision": 0.6675485765164006,
      "test_recall": 0.5868055555555556,
      "test_f1_score": 0.5698034635409945,
      "confusion_matrix": [
        [
          60,
          1,
          0,
          11
        ],
        [
          10,
          50,
          2,
          10
        ],
        [
          35,
          14,
          19,
          4
        ],
        [
          24,
          8,
          0,
          40
        ]
      ]
    },
    {
      "fraction": 0.2,
      "train_samples": 57,
      "test_accuracy": 0.7083333333333334,
      "test_precision": 0.7259625096511972,
      "test_recall": 0.7083333333333334,
      "test_f1_score": 0.7097772243736461,
      "confusion_matrix": [
        [
          55,
          1,
          4,
          12
        ],
        [
          1,
          43,
          9,
          19
        ],
        [
          10,
          2,
          52,
          8
        ],
        [
          7,
          6,
          5,
          54
        ]
      ]
    },
    {
      "fraction": 0.25,
      "train_samples": 72,
      "test_accuracy": 0.6840277777777778,
      "test_precision": 0.7232265446224255,
      "test_recall": 0.6840277777777778,
      "test_f1_score": 0.6836128157824712,
      "confusion_matrix": [
        [
          56,
          1,
          3,
          12
        ],
        [
          2,
          40,
          8,
          22
        ],
        [
          11,
          3,
          39,
          19
        ],
        [
          1,
          2,
          7,
          62
        ]
      ]
    }
  ]
}