subject,trialAcc,macroF1,kappa,ITR
1,0.625,0.6236698283608997,0.5,0.45120505930460153
2,0.3854166666666667,0.3642643092598142,0.18055555555555558,0.06413048780042252
3,0.6458333333333334,0.6331873960920179,0.5277777777777778,0.5009248203411198
4,0.4791666666666667,0.43753621214587757,0.3055555555555556,0.17575139960489605
5,0.2916666666666667,0.1756014401960008,0.05555555555555558,0.006453759420483207
6,0.4409722222222222,0.4286386626196659,0.25462962962962965,0.12403892210078582
7,0.4895833333333333,0.4720024127918864,0.3194444444444444,0.19132183110340129
8,0.6527777777777778,0.6506732472920522,0.537037037037037,0.5181030298797455
9,0.5208333333333334,0.5163448188817367,0.36111111111111116,0.24179150380161096
