mean_trialAcc,std_trialAcc,median_trialAcc,iqr_trialAcc,mean_macroF1,std_macroF1
0.5034722222222222,0.11600663901227616,0.4895833333333333,0.1840277777777778,0.47799092529332793,0.14340297868140486
