subject,trialAcc,macroF1,kappa,ITR
1,0.6909722222222222,0.6880988965169084,0.587962962962963,0.6181545550855092
2,0.3888888888888889,0.36053771289142633,0.18518518518518523,0.06733304030661968
3,0.7326388888888888,0.7263439934292772,0.6435185185185186,0.7385902065271126
4,0.4756944444444444,0.44372992115959387,0.30092592592592593,0.17070060062291148
5,0.4027777777777778,0.3354037024297195,0.20370370370370372,0.0808728566115775
6,0.4409722222222222,0.43869743109555026,0.25462962962962965,0.12403892210078582
7,0.5972222222222222,0.5957438981724336,0.4629629629629629,0.3890600095295802
8,0.6701388888888888,0.6753968253968254,0.5601851851851851,0.5623981006954295
9,0.5138888888888888,0.506283228862823,0.35185185185185186,0.23008878461469462
