mean_trialAcc,std_trialAcc,median_trialAcc,iqr_trialAcc,mean_macroF1,std_macroF1
0.5459104938271605,0.12296632900469923,0.5138888888888888,0.22916666666666663,0.5300261788838397,0.1382168474435015
