subject,trialAcc,macroF1,kappa,ITR
1,0.6145833333333334,0.6107084559364573,0.48611111111111116,0.4273510608823541
2,0.3784722222222222,0.3421342056043668,0.17129629629629628,0.057945928772617616
3,0.7152777777777778,0.7030615334797373,0.6203703703703703,0.6869203038330037
4,0.4097222222222222,0.38771035247306007,0.2129629629629629,0.08807747718793091
5,0.4201388888888889,0.28182350644279575,0.22685185185185186,0.09942336985268607
6,0.3819444444444444,0.376164837102872,0.17592592592592593,0.061001366861040074
7,0.5277777777777778,0.5240547965011205,0.37037037037037035,0.25377301368058314
8,0.6284722222222222,0.6264594093864365,0.5046296296296297,0.459304462202893
9,0.4861111111111111,0.47341614463482695,0.31481481481481477,0.18606204848355135
