mean_trialAcc,std_trialAcc,median_trialAcc,iqr_trialAcc,mean_macroF1,std_macroF1
0.5069444444444443,0.11534655095649068,0.4861111111111111,0.20486111111111116,0.48061480461796374,0.1365659373142579
