mean_trialAcc,std_trialAcc,median_trialAcc,iqr_trialAcc,mean_macroF1,std_macroF1
0.6435185185185186,0.1185085716312056,0.6180555555555556,0.21875,0.6405252181966578,0.1191638002655994
