mean_trialAcc,std_trialAcc,median_trialAcc,iqr_trialAcc,mean_macroF1,std_macroF1
0.5829475308641976,0.1335835130017638,0.5763888888888888,0.14236111111111116,0.5632222812941573,0.15247842169909398
