subject,trialAcc,macroF1,kappa,ITR
1,0.6284722222222222,0.6235089570712006,0.5046296296296297,0.459304462202893
2,0.4548611111111111,0.4088239701435604,0.27314814814814814,0.1418623532943888
3,0.7673611111111112,0.7688169935065036,0.6898148148148149,0.8486928938280338
4,0.6006944444444444,0.5864767501938165,0.46759259259259256,0.3965727473661025
5,0.5833333333333334,0.5136766667913565,0.4444444444444444,0.35973020138169876
6,0.46875,0.44911750952522045,0.29166666666666663,0.16080827259762165
7,0.6909722222222222,0.691119976359338,0.587962962962963,0.6181545550855092
8,0.7673611111111112,0.7672263977633105,0.6898148148148149,0.8486928938280338
9,0.5069444444444444,0.49935101451708314,0.34259259259259256,0.2186645869734627
