subject,trialAcc,macroF1,kappa,ITR
1,0.7118055555555556,0.7059692201737656,0.6157407407407407,0.6768451570318379
2,0.5173611111111112,0.502938425036719,0.3564814814814815,0.23590531472848264
3,0.8020833333333334,0.7848610164712516,0.7361111111111112,0.9685676958958603
4,0.5,0.49774414243704557,0.33333333333333337,0.20751874963942196
5,0.5520833333333334,0.5526216541773938,0.4027777777777778,0.29791021816457364
6,0.4895833333333333,0.4875310781560781,0.3194444444444444,0.19132183110340129
7,0.7777777777777778,0.7760122252118394,0.7037037037037037,0.8835816044422339
8,0.7777777777777778,0.7808459482541561,0.7037037037037037,0.8835816044422339
9,0.7847222222222222,0.7794683351507157,0.712962962962963,0.9073421572559758
