mean_trialAcc,std_trialAcc,median_trialAcc,iqr_trialAcc,mean_macroF1,std_macroF1
0.6570216049382717,0.13026647650169884,0.7118055555555556,0.26041666666666663,0.6519991161187738,0.12984328924620508
