subject,trialAcc,macroF1,kappa,ITR
1,0.6979166666666666,0.6943484944548911,0.5972222222222222,0.637386583637769
2,0.4548611111111111,0.4262909764761664,0.27314814814814814,0.1418623532943888
3,0.8020833333333334,0.8013560351633278,0.7361111111111112,0.9685676958958603
4,0.5451388888888888,0.5322167248597511,0.3935185185185185,0.2849492457206042
5,0.4756944444444444,0.3815550462609286,0.30092592592592593,0.17070060062291148
6,0.5138888888888888,0.514130331340618,0.35185185185185186,0.23008878461469462
7,0.71875,0.7149435669267227,0.625,0.6970808592438031
8,0.8020833333333334,0.7998070761157241,0.7361111111111112,0.9685676958958603
9,0.6458333333333334,0.6470686551447898,0.5277777777777778,0.5009248203411198
