mean_trialAcc,std_trialAcc,median_trialAcc,iqr_trialAcc,mean_macroF1,std_macroF1
0.6284722222222222,0.12785030483270735,0.6458333333333334,0.20486111111111116,0.6124129896381022,0.14654187687020112
