subject,trialAcc,macroF1,kappa,ITR
1,0.6770833333333334,0.6742077651311815,0.5694444444444444,0.580664123721415
2,0.3923611111111111,0.3812738367658276,0.18981481481481477,0.07060878222911637
3,0.7638888888888888,0.7649455397635178,0.6851851851851851,0.837259582347304
4,0.4930555555555556,0.4408209074875742,0.32407407407407407,0.19665121890789106
5,0.4131944444444444,0.35306880272266855,0.21759259259259256,0.09178776225025342
6,0.4756944444444444,0.4768448848195345,0.30092592592592593,0.17070060062291148
7,0.4895833333333333,0.4852059431639567,0.3194444444444444,0.19132183110340129
8,0.6701388888888888,0.6737900715841891,0.5601851851851851,0.5623981006954295
9,0.5486111111111112,0.5495319622463063,0.39814814814814814,0.291394612488004
