mean_trialAcc,std_trialAcc,median_trialAcc,iqr_trialAcc,mean_macroF1,std_macroF1
0.5470679012345678,0.12121444517883251,0.4930555555555556,0.19444444444444442,0.533298857076084,0.13464497796946068
