subject,trialAcc,macroF1,kappa,ITR
1,0.6111111111111112,0.6094972798211544,0.4814814814814815,0.4195469293557659
2,0.3715277777777778,0.3523342249148701,0.1620370370370371,0.052057152989817945
3,0.6875,0.6832285499014729,0.5833333333333333,0.6086609859900811
4,0.4340277777777778,0.40513295835244323,0.24537037037037035,0.11555012739406978
5,0.4166666666666667,0.3098617788302609,0.2222222222222222,0.09556978459483934
6,0.4340277777777778,0.42069160493429836,0.24537037037037035,0.11555012739406978
7,0.5694444444444444,0.5684922812553593,0.42592592592592593,0.3315455581268365
8,0.5902777777777778,0.5758496786014659,0.4537037037037037,0.37425126204036174
9,0.4861111111111111,0.4817142366139755,0.31481481481481477,0.18606204848355135
