mean_trialAcc,std_trialAcc,median_trialAcc,iqr_trialAcc,mean_macroF1,std_macroF1
0.5111882716049383,0.10093731058604266,0.4861111111111111,0.15625,0.489644732580589,0.11954697291364462
