mean_trialAcc,std_trialAcc,median_trialAcc,iqr_trialAcc,mean_macroF1,std_macroF1
0.5837191358024691,0.12926167648995013,0.6006944444444444,0.2361111111111111,0.5630100474757994,0.14866223202006565
