subject,trialAcc,macroF1,kappa,ITR
1,0.7048611111111112,0.7006250285075717,0.6064814814814814,0.6569486381375391
2,0.5729166666666666,0.5639051627250771,0.4305555555555556,0.33848493577499283
3,0.8194444444444444,0.8190913307998358,0.7592592592592593,1.0325353282633514
4,0.5694444444444444,0.5680698868541997,0.42592592592592593,0.3315455581268365
5,0.5659722222222222,0.5625253292806485,0.4212962962962963,0.32467712401700033
6,0.4444444444444444,0.44887526652452026,0.2592592592592593,0.1283892175389134
7,0.6805555555555556,0.6753590334330244,0.5740740740740741,0.5899162462572696
8,0.6770833333333334,0.6749860186502881,0.5694444444444444,0.580664123721415
9,0.7118055555555556,0.7052562685991931,0.6157407407407407,0.6768451570318379
