mean_trialAcc,std_trialAcc,median_trialAcc,iqr_trialAcc,mean_macroF1,std_macroF1
0.638503086419753,0.10422380691598129,0.6770833333333334,0.13541666666666674,0.6354103694860398,0.10316520386627129
