subject,trialAcc,macroF1,kappa,ITR
1,0.6631944444444444,0.6600953114647576,0.5509259259259259,0.5444468363251431
2,0.4305555555555556,0.4208701375576066,0.2407407407407407,0.11141187747112058
3,0.6840277777777778,0.6757945400966483,0.5787037037037037,0.5992483774651955
4,0.4340277777777778,0.4045772687504971,0.24537037037037035,0.11555012739406978
5,0.5069444444444444,0.4301675538472582,0.34259259259259256,0.2186645869734627
6,0.4097222222222222,0.37541553430931396,0.2129629629629629,0.08807747718793091
7,0.5173611111111112,0.5059938429583473,0.3564814814814815,0.23590531472848264
8,0.6458333333333334,0.6474578985485941,0.5277777777777778,0.5009248203411198
9,0.5208333333333334,0.4881141689076316,0.36111111111111116,0.24179150380161096
