mean_trialAcc,std_trialAcc,median_trialAcc,iqr_trialAcc,mean_macroF1,std_macroF1
0.5347222222222221,0.09945625490250387,0.5173611111111112,0.21180555555555558,0.5120540284934061,0.1120081624155731
