subject,trialAcc,macroF1,kappa,ITR
1,0.4722222222222222,0.46270193163203505,0.2962962962962963,0.1657195414182968
2,0.375,0.34227239282809896,0.16666666666666663,0.05496443412431229
3,0.5555555555555556,0.4970479650255706,0.40740740740740744,0.30449616206348606
4,0.3298611111111111,0.2898901281503475,0.10648148148148151,0.02307058308892551
5,0.3194444444444444,0.21837782955632837,0.09259259259259256,0.017568676552407902
6,0.3819444444444444,0.31573466691721186,0.17592592592592593,0.061001366861040074
7,0.3194444444444444,0.21764679678501198,0.09259259259259256,0.017568676552407902
8,0.3958333333333333,0.3513654419066534,0.19444444444444442,0.07395748038747274
9,0.3680555555555556,0.28356580056014474,0.15740740740740744,0.04922436511536632
