mean_trialAcc,std_trialAcc,median_trialAcc,iqr_trialAcc,mean_macroF1,std_macroF1
0.39081790123456783,0.07344041600883869,0.375,0.06597222222222221,0.3309558837068225,0.09138738256048368
