subject,trialAcc,macroF1,kappa,ITR
1,0.625,0.6240565620807034,0.5,0.45120505930460153
2,0.3958333333333333,0.39200846427445857,0.19444444444444442,0.07395748038747274
3,0.6875,0.6836855392722374,0.5833333333333333,0.6086609859900811
4,0.4409722222222222,0.3925125736363881,0.25462962962962965,0.12403892210078582
5,0.4201388888888889,0.343400858762894,0.22685185185185186,0.09942336985268607
6,0.4513888888888889,0.43798996538323137,0.2685185185185185,0.13730103602900234
7,0.5243055555555556,0.5137090969124724,0.3657407407407407,0.2477473888524122
8,0.6458333333333334,0.6440588006764477,0.5277777777777778,0.5009248203411198
9,0.5138888888888888,0.5088618903822824,0.35185185185185186,0.23008878461469462
