mean_trialAcc,std_trialAcc,median_trialAcc,iqr_trialAcc,mean_macroF1,std_macroF1
0.5227623456790123,0.10068927071520069,0.5138888888888888,0.1840277777777778,0.5044759723756794,0.11621520435539252
