subject,trialAcc,macroF1,kappa,ITR
1,0.5833333333333334,0.5871965806978644,0.4444444444444444,0.35973020138169876
2,0.4409722222222222,0.4155432034227581,0.25462962962962965,0.12403892210078582
3,0.7013888888888888,0.7008504261158457,0.6018518518518519,0.6471260866070748
4,0.4513888888888889,0.41736111111111107,0.2685185185185185,0.13730103602900234
5,0.46875,0.39975524662750395,0.29166666666666663,0.16080827259762165
6,0.4375,0.40797138120582843,0.25,0.11975918505585215
7,0.5243055555555556,0.5229985751445566,0.3657407407407407,0.2477473888524122
8,0.6180555555555556,0.6186263986468905,0.4907407407407407,0.4352286239757577
9,0.5069444444444444,0.48168309783817476,0.34259259259259256,0.2186645869734627
