mean_trialAcc,std_trialAcc,median_trialAcc,iqr_trialAcc,mean_macroF1,std_macroF1
0.5258487654320988,0.08614892251402623,0.5069444444444444,0.13194444444444448,0.5057762245345037,0.10277317740627273
