subject,trialAcc,macroF1,kappa,ITR
1,0.4479166666666667,0.4366431939747477,0.26388888888888884,0.13280995767278636
2,0.2708333333333333,0.14580528804666737,0.02777777777777779,0.00164029935525134
3,0.4895833333333333,0.46647608985738476,0.3194444444444444,0.19132183110340129
4,0.3298611111111111,0.2485571361429485,0.10648148148148151,0.02307058308892551
5,0.3819444444444444,0.3112343374289546,0.17592592592592593,0.061001366861040074
6,0.3090277777777778,0.22317111459968603,0.07870370370370372,0.012786933282289636
7,0.2569444444444444,0.1142572893548634,0.0092592592592593,0.00018440478011960693
8,0.3472222222222222,0.2564484813343261,0.12962962962962965,0.03380893243716998
9,0.4618055555555556,0.45152192852808937,0.28240740740740744,0.15119534274999946
