mean_trialAcc,std_trialAcc,median_trialAcc,iqr_trialAcc,mean_macroF1,std_macroF1
0.3661265432098765,0.07977066656370424,0.3472222222222222,0.1388888888888889,0.29490165102974086,0.12380942436758337
