subject,trialAcc,macroF1,kappa,ITR
1,0.7638888888888888,0.7628612555583731,0.6851851851851851,0.837259582347304
2,0.5208333333333334,0.5208082964368543,0.36111111111111116,0.24179150380161096
3,0.875,0.8752004985667378,0.8333333333333334,1.258315244210259
4,0.5381944444444444,0.5460757774079875,0.3842592592592593,0.27226886711064346
5,0.6944444444444444,0.695150577122408,0.5925925925925926,0.6277295830422893
6,0.5243055555555556,0.5264542968488496,0.3657407407407407,0.2477473888524122
7,0.8055555555555556,0.801326226209411,0.7407407407407407,0.9811359932258747
8,0.7708333333333334,0.7691841897484464,0.6944444444444444,0.8602236414736084
9,0.7395833333333334,0.7322882703377209,0.6527777777777778,0.759874871270215
