mean_trialAcc,std_trialAcc,median_trialAcc,iqr_trialAcc,mean_macroF1,std_macroF1
0.6925154320987654,0.1252153399682293,0.7395833333333334,0.23263888888888895,0.6921499320263098,0.12298694130542058
