subject,trialAcc,macroF1,kappa,ITR
1,0.6319444444444444,0.6282763635787152,0.5092592592592593,0.46747835836122675
2,0.3958333333333333,0.3581899026723925,0.19444444444444442,0.07395748038747274
3,0.6840277777777778,0.6810783911948949,0.5787037037037037,0.5992483774651955
4,0.3819444444444444,0.3313039482215145,0.17592592592592593,0.061001366861040074
5,0.3923611111111111,0.28336791603017564,0.18981481481481477,0.07060878222911637
6,0.3958333333333333,0.35930582502866215,0.19444444444444442,0.07395748038747274
7,0.5,0.4865465159624038,0.33333333333333337,0.20751874963942196
8,0.6319444444444444,0.6288536881274182,0.5092592592592593,0.46747835836122675
9,0.4930555555555556,0.4742112671424595,0.32407407407407407,0.19665121890789106
