subject,trialAcc,macroF1,kappa,ITR
1,0.6041666666666666,0.6059783795439533,0.4722222222222222,0.40415800137104685
2,0.4097222222222222,0.39618618090179336,0.2129629629629629,0.08807747718793091
3,0.6909722222222222,0.6904429605249278,0.587962962962963,0.6181545550855092
4,0.4479166666666667,0.39572078181393494,0.26388888888888884,0.13280995767278636
5,0.2916666666666667,0.17883693117795746,0.05555555555555558,0.006453759420483207
6,0.4097222222222222,0.3899335958159488,0.2129629629629629,0.08807747718793091
7,0.5,0.4957573657554404,0.33333333333333337,0.20751874963942196
8,0.65625,0.6630582892941439,0.5416666666666667,0.526807067982235
9,0.5034722222222222,0.506242001111432,0.3379629629629629,0.2130568791422356
