mean_trialAcc,std_trialAcc,median_trialAcc,iqr_trialAcc,mean_macroF1,std_macroF1
0.5015432098765431,0.12208438573902149,0.5,0.19444444444444442,0.4802396095488369,0.1518560881538145
