subject,trialAcc,macroF1,kappa,ITR
1,0.4652777777777778,0.4047312982918125,0.2870370370370371,0.15596685160386214
2,0.2222222222222222,0.1830246484587773,-0.03703703703703698,0.003046881819369407
3,0.3715277777777778,0.30603543743078626,0.1620370370370371,0.052057152989817945
4,0.3819444444444444,0.29909531875577455,0.17592592592592593,0.061001366861040074
5,0.2986111111111111,0.1914591669879422,0.06481481481481477,0.008738412705498133
6,0.2916666666666667,0.27012605955227126,0.05555555555555558,0.006453759420483207
7,0.2326388888888889,0.18231414715214422,-0.02314814814814814,0.00117822330352646
8,0.4236111111111111,0.4037585782497901,0.2314814814814815,0.10334835156654076
9,0.4097222222222222,0.3930720110618372,0.2129629629629629,0.08807747718793091
