mean_trialAcc,std_trialAcc,median_trialAcc,iqr_trialAcc,mean_macroF1,std_macroF1
0.34413580246913583,0.08137231686132185,0.3715277777777778,0.11805555555555552,0.2926240739934595,0.08828693788878007
