subject,trialAcc,macroF1,kappa,ITR
1,0.7152777777777778,0.7066465169361713,0.6203703703703703,0.6869203038330037
2,0.5104166666666666,0.4657750649081502,0.3472222222222222,0.22434188320175852
3,0.7152777777777778,0.6881441100975727,0.6203703703703703,0.6869203038330037
4,0.4930555555555556,0.4897270152083736,0.32407407407407407,0.19665121890789106
5,0.5381944444444444,0.5325075573297267,0.3842592592592593,0.27226886711064346
6,0.5,0.49798669282791214,0.33333333333333337,0.20751874963942196
7,0.7048611111111112,0.698201821177638,0.6064814814814814,0.6569486381375391
8,0.7604166666666666,0.7644890808905497,0.6805555555555556,0.825922710434739
9,0.6840277777777778,0.678318064364576,0.5787037037037037,0.5992483774651955
