subject,trialAcc,macroF1,kappa,ITR
1,0.6770833333333334,0.6734934543153721,0.5694444444444444,0.580664123721415
2,0.4479166666666667,0.4069710072452044,0.26388888888888884,0.13280995767278636
3,0.7743055555555556,0.7708746839816881,0.6990740740740741,0.8718528561347793
4,0.40625,0.40704488807897077,0.20833333333333337,0.08443911179876107
5,0.6215277777777778,0.6209616053610785,0.49537037037037035,0.44317986992012126
6,0.5034722222222222,0.5058448609351031,0.3379629629629629,0.2130568791422356
7,0.625,0.6179475626403137,0.5,0.45120505930460153
8,0.7604166666666666,0.7633156152125884,0.6805555555555556,0.825922710434739
9,0.7013888888888888,0.6914593871153479,0.6018518518518519,0.6471260866070748
