mean_trialAcc,std_trialAcc,median_trialAcc,iqr_trialAcc,mean_macroF1,std_macroF1
0.6246141975308642,0.10445490527831483,0.6840277777777778,0.20486111111111116,0.6135328804156299,0.10825227618962072
