subject,trialAcc,macroF1,kappa,ITR
1,0.4756944444444444,0.4230232670378512,0.30092592592592593,0.17070060062291148
2,0.2326388888888889,0.18673880234119697,-0.02314814814814814,0.00117822330352646
3,0.3680555555555556,0.2916139853080267,0.15740740740740744,0.04922436511536632
4,0.3402777777777778,0.22758524074313546,0.12037037037037035,0.029280745672794595
5,0.2777777777777778,0.15759266384506862,0.03703703703703709,0.0028996819407973717
6,0.3229166666666667,0.26267734960457334,0.09722222222222221,0.019323238049338665
7,0.23958333333333334,0.17355552390447704,-0.01388888888888884,0.0004214079758038114
8,0.3472222222222222,0.3116555290466043,0.12962962962962965,0.03380893243716998
9,0.3576388888888889,0.28119084922363613,0.1435185185185185,0.04117590780065772
