mean_trialAcc,std_trialAcc,median_trialAcc,iqr_trialAcc,mean_macroF1,std_macroF1
0.3290895061728395,0.0701312063727747,0.3402777777777778,0.0798611111111111,0.2572925790060633,0.07818240930703503
