subject,trialAcc,macroF1,kappa,ITR
1,0.6423611111111112,0.6407032327722129,0.5231481481481481,0.49244995314487583
2,0.3541666666666667,0.3077880047741797,0.13888888888888884,0.03864409096411592
3,0.7048611111111112,0.7011553761553762,0.6064814814814814,0.6569486381375391
4,0.4409722222222222,0.4211496759048978,0.25462962962962965,0.12403892210078582
5,0.5,0.4203897043476014,0.33333333333333337,0.20751874963942196
6,0.5069444444444444,0.5069676211464251,0.34259259259259256,0.2186645869734627
7,0.5243055555555556,0.5201474201474202,0.3657407407407407,0.2477473888524122
8,0.6458333333333334,0.6413517995974136,0.5277777777777778,0.5009248203411198
9,0.4375,0.43077993070570086,0.25,0.11975918505585215
