mean_trialAcc,std_trialAcc,median_trialAcc,iqr_trialAcc,mean_macroF1,std_macroF1
0.5285493827160495,0.10825042552257814,0.5069444444444444,0.20138888888888895,0.5100480850612477,0.12205602009196308
