subject,trialAcc,macroF1,kappa,ITR
1,0.6388888888888888,0.6352097284613567,0.5185185185185186,0.48405079899575587
2,0.3715277777777778,0.2807017543859649,0.1620370370370371,0.052057152989817945
3,0.7569444444444444,0.7573915967794178,0.6759259259259259,0.8146813143112872
4,0.46875,0.46780379288040996,0.29166666666666663,0.16080827259762165
5,0.4340277777777778,0.3529204192997296,0.24537037037037035,0.11555012739406978
6,0.5243055555555556,0.5254079207582656,0.3657407407407407,0.2477473888524122
7,0.5243055555555556,0.515271456805866,0.3657407407407407,0.2477473888524122
8,0.6944444444444444,0.7008845687315837,0.5925925925925926,0.6277295830422893
9,0.5763888888888888,0.5764526734318438,0.43518518518518523,0.34549540028782855
