mean_trialAcc,std_trialAcc,median_trialAcc,iqr_trialAcc,mean_macroF1,std_macroF1
0.5543981481481483,0.11801015830121188,0.5243055555555556,0.17013888888888884,0.5346715457260487,0.14588891528099257
