subject,trialAcc,macroF1,kappa,ITR
1,0.4583333333333333,0.3981866465935231,0.2777777777777778,0.14649381725673694
2,0.2708333333333333,0.2241701729780271,0.02777777777777779,0.00164029935525134
3,0.3611111111111111,0.28127663112385937,0.14814814814814814,0.04378343768432358
4,0.3402777777777778,0.2689925792575273,0.12037037037037035,0.029280745672794595
5,0.2777777777777778,0.1650313455449407,0.03703703703703709,0.0028996819407973717
6,0.3125,0.2810008975881644,0.08333333333333337,0.01430004821964781
7,0.2777777777777778,0.21736491435111743,0.03703703703703709,0.0028996819407973717
8,0.3854166666666667,0.3563270648279432,0.18055555555555558,0.06413048780042252
9,0.3611111111111111,0.31247221495582267,0.14814814814814814,0.04378343768432358
