mean_trialAcc,std_trialAcc,median_trialAcc,iqr_trialAcc,mean_macroF1,std_macroF1
0.33834876543209874,0.05794234207671064,0.3402777777777778,0.08333333333333331,0.27831360746899164,0.06766294215172904
