subject,trialAcc,macroF1,kappa,ITR
1,0.65625,0.6496768081504605,0.5416666666666667,0.526807067982235
2,0.375,0.37764476910743555,0.16666666666666663,0.05496443412431229
3,0.71875,0.7159049091294122,0.625,0.6970808592438031
4,0.4930555555555556,0.44524341726793226,0.32407407407407407,0.19665121890789106
5,0.3819444444444444,0.33368606701940035,0.17592592592592593,0.061001366861040074
6,0.46875,0.4645062919613686,0.29166666666666663,0.16080827259762165
7,0.5138888888888888,0.5081458800099576,0.35185185185185186,0.23008878461469462
8,0.6631944444444444,0.6651271602913393,0.5509259259259259,0.5444468363251431
9,0.5381944444444444,0.52635486818841,0.3842592592592593,0.27226886711064346
