mean_trialAcc,std_trialAcc,median_trialAcc,iqr_trialAcc,mean_macroF1,std_macroF1
0.5343364197530864,0.11572273522497646,0.5138888888888888,0.1875,0.5206989079028573,0.12475718664949438
