subject,trialAcc,macroF1,kappa,ITR
1,0.625,0.6216842481089141,0.5,0.45120505930460153
2,0.4444444444444444,0.4457832562917309,0.2592592592592593,0.1283892175389134
3,0.7118055555555556,0.708733936668886,0.6157407407407407,0.6768451570318379
4,0.53125,0.5113377576949413,0.375,0.2598684288926938
5,0.4270833333333333,0.37286926903862383,0.23611111111111116,0.10734457108649087
6,0.4479166666666667,0.3915264416517186,0.26388888888888884,0.13280995767278636
7,0.53125,0.5250853671740535,0.375,0.2598684288926938
8,0.6805555555555556,0.6837481685254367,0.5740740740740741,0.5899162462572696
9,0.5381944444444444,0.5338917111337209,0.3842592592592593,0.27226886711064346
