mean_trialAcc,std_trialAcc,median_trialAcc,iqr_trialAcc,mean_macroF1,std_macroF1
0.5486111111111112,0.09794976894275782,0.53125,0.17708333333333331,0.5327400173653363,0.11317036456945477
