subject,trialAcc,macroF1,kappa,ITR
1,0.5625,0.5597937607028517,0.41666666666666663,0.3178794976459969
2,0.3923611111111111,0.35715327476091707,0.18981481481481477,0.07060878222911637
3,0.6631944444444444,0.6627306913875777,0.5509259259259259,0.5444468363251431
4,0.4861111111111111,0.4726905592745573,0.31481481481481477,0.18606204848355135
5,0.34375,0.23281175912754862,0.125,0.031506286506873815
6,0.4444444444444444,0.4347410269202062,0.2592592592592593,0.1283892175389134
7,0.4618055555555556,0.4522792863701955,0.28240740740740744,0.15119534274999946
8,0.625,0.6231692864995857,0.5,0.45120505930460153
9,0.5,0.4818027407389015,0.33333333333333337,0.20751874963942196
