mean_trialAcc,std_trialAcc,median_trialAcc,iqr_trialAcc,mean_macroF1,std_macroF1
0.49768518518518523,0.09823655173112474,0.4861111111111111,0.11805555555555558,0.4752413761980379,0.12432843093478325
