subject,trialAcc,macroF1,kappa,ITR
1,0.59375,0.5862077579864141,0.45833333333333337,0.3816195806839777
2,0.4340277777777778,0.42149080560976393,0.24537037037037035,0.11555012739406978
3,0.7222222222222222,0.7135702832508759,0.6296296296296297,0.7073274600390893
4,0.5104166666666666,0.48298202541550284,0.3472222222222222,0.22434188320175852
5,0.4236111111111111,0.3464431549537933,0.2314814814814815,0.10334835156654076
6,0.4548611111111111,0.45313747228381374,0.27314814814814814,0.1418623532943888
7,0.5763888888888888,0.5788748877987817,0.43518518518518523,0.34549540028782855
8,0.7152777777777778,0.7177163771885535,0.6203703703703703,0.6869203038330037
9,0.5590277777777778,0.5574669593409254,0.4120370370370371,0.3111525506581445
