mean_trialAcc,std_trialAcc,median_trialAcc,iqr_trialAcc,mean_macroF1,std_macroF1
0.5543981481481481,0.10516496936667175,0.5590277777777778,0.1388888888888889,0.539765524869825,0.11924093125352811
