subject,trialAcc,macroF1,kappa,ITR
1,0.6631944444444444,0.6567192027500521,0.5509259259259259,0.5444468363251431
2,0.4583333333333333,0.40048834962968605,0.2777777777777778,0.14649381725673694
3,0.8159722222222222,0.8152582967381092,0.7546296296296297,1.0195133804896432
4,0.5555555555555556,0.5494226848507564,0.40740740740740744,0.30449616206348606
5,0.4652777777777778,0.38878730542781764,0.2870370370370371,0.15596685160386214
6,0.3993055555555556,0.3889455442229362,0.19907407407407407,0.0773789104153142
7,0.6111111111111112,0.5896729363438212,0.4814814814814815,0.4195469293557659
8,0.7534722222222222,0.7507549725034159,0.6712962962962963,0.8035344616621402
9,0.6701388888888888,0.6590802309295811,0.5601851851851851,0.5623981006954295
