subject,trialAcc,macroF1,kappa,ITR
1,0.4722222222222222,0.42882885222439593,0.2962962962962963,0.1657195414182968
2,0.2534722222222222,0.2174548277003504,0.00462962962962965,4.624093590543943e-05
3,0.3923611111111111,0.3501626200741245,0.18981481481481477,0.07060878222911637
4,0.3194444444444444,0.20896461590590057,0.09259259259259256,0.017568676552407902
5,0.3055555555555556,0.19545511771371019,0.07407407407407407,0.011355277206284375
6,0.2916666666666667,0.26273030037074985,0.05555555555555558,0.006453759420483207
7,0.2777777777777778,0.2126621618469372,0.03703703703703709,0.0028996819407973717
8,0.3680555555555556,0.3145705172020961,0.15740740740740744,0.04922436511536632
9,0.3333333333333333,0.2644017851360342,0.11111111111111116,0.025062498798072985
