mean_trialAcc,std_trialAcc,median_trialAcc,iqr_trialAcc,mean_macroF1,std_macroF1
0.3348765432098766,0.0633538873284671,0.3194444444444444,0.0763888888888889,0.2728034220193665,0.07377406750762924
