subject,trialAcc,macroF1,kappa,ITR
1,0.5451388888888888,0.5104491747358131,0.3935185185185185,0.2849492457206042
2,0.3958333333333333,0.38504007695974085,0.19444444444444442,0.07395748038747274
3,0.5381944444444444,0.5210491994317002,0.3842592592592593,0.27226886711064346
4,0.4201388888888889,0.40695873222896983,0.22685185185185186,0.09942336985268607
5,0.4201388888888889,0.41036145809707686,0.22685185185185186,0.09942336985268607
6,0.4305555555555556,0.4226597369039229,0.2407407407407407,0.11141187747112058
7,0.6284722222222222,0.6337577022941392,0.5046296296296297,0.459304462202893
8,0.4722222222222222,0.4603414557478285,0.2962962962962963,0.1657195414182968
9,0.4305555555555556,0.39654458361207034,0.2407407407407407,0.11141187747112058
