mean_trialAcc,std_trialAcc,median_trialAcc,iqr_trialAcc,mean_macroF1,std_macroF1
0.4756944444444444,0.07356596565773472,0.4305555555555556,0.11805555555555552,0.46079579111236246,0.07657640791185817
