subject,trialAcc,macroF1,kappa,ITR
1,0.6319444444444444,0.633267626600104,0.5092592592592593,0.46747835836122675
2,0.3402777777777778,0.3321662709012772,0.12037037037037035,0.029280745672794595
3,0.6770833333333334,0.6744394226052834,0.5694444444444444,0.580664123721415
4,0.4583333333333333,0.4322293772624003,0.2777777777777778,0.14649381725673694
5,0.46875,0.4112309183157068,0.29166666666666663,0.16080827259762165
6,0.4722222222222222,0.4683297891072372,0.2962962962962963,0.1657195414182968
7,0.46875,0.45496346643519014,0.29166666666666663,0.16080827259762165
8,0.6354166666666666,0.6409612519930361,0.5138888888888888,0.47572703739519207
9,0.5451388888888888,0.5401735054672843,0.3935185185185185,0.2849492457206042
