mean_trialAcc,std_trialAcc,median_trialAcc,iqr_trialAcc,mean_macroF1,std_macroF1
0.5219907407407407,0.10261185305232176,0.4722222222222222,0.16319444444444442,0.509751292076391,0.11179834410175828
