mean_trialAcc,std_trialAcc,median_trialAcc,iqr_trialAcc,mean_macroF1,std_macroF1
0.5941358024691357,0.12482245240153311,0.6006944444444444,0.21874999999999994,0.5870942813532628,0.12505202492342626
