subject,trialAcc,macroF1,kappa,ITR
1,0.59375,0.5929859882570903,0.45833333333333337,0.3816195806839777
2,0.4166666666666667,0.38693439823682224,0.2222222222222222,0.09556978459483934
3,0.7430555555555556,0.7433428089795683,0.6574074074074074,0.7706522870751257
4,0.3888888888888889,0.3510983813539166,0.18518518518518523,0.06733304030661968
5,0.28125,0.15922642295474665,0.04166666666666663,0.0036597651782972473
6,0.40625,0.3588046009684066,0.20833333333333337,0.08443911179876107
7,0.5277777777777778,0.4842175287510872,0.37037037037037035,0.25377301368058314
8,0.6145833333333334,0.6155504376760721,0.48611111111111116,0.4273510608823541
9,0.4548611111111111,0.4283753392944102,0.27314814814814814,0.1418623532943888
