mean_trialAcc,std_trialAcc,median_trialAcc,iqr_trialAcc,mean_macroF1,std_macroF1
0.49189814814814814,0.1329759871883803,0.4548611111111111,0.1875,0.45783732294134666,0.16384690367260207
