subject,trialAcc,macroF1,kappa,ITR
1,0.6527777777777778,0.6492668500914378,0.537037037037037,0.5181030298797455
2,0.4027777777777778,0.390625289006584,0.20370370370370372,0.0808728566115775
3,0.7083333333333334,0.7055722616754835,0.6111111111111112,0.6668548013876316
4,0.4444444444444444,0.3990179000484737,0.2592592592592593,0.1283892175389134
5,0.4027777777777778,0.30627545294211966,0.20370370370370372,0.0808728566115775
6,0.4583333333333333,0.4604889810301621,0.2777777777777778,0.14649381725673694
7,0.53125,0.5295797744187505,0.375,0.2598684288926938
8,0.6701388888888888,0.6748531787033408,0.5601851851851851,0.5623981006954295
9,0.5173611111111112,0.5088538594306439,0.3564814814814815,0.23590531472848264
