mean_trialAcc,std_trialAcc,median_trialAcc,iqr_trialAcc,mean_macroF1,std_macroF1
0.5320216049382717,0.11128913421968274,0.5173611111111112,0.20833333333333337,0.5138370608163328,0.13148506027967694
