subject,trialAcc,macroF1,kappa,ITR
1,0.5972222222222222,0.5943788451679057,0.4629629629629629,0.3890600095295802
2,0.3645833333333333,0.33952988578095156,0.1527777777777778,0.04646636011654537
3,0.7152777777777778,0.7166407410066942,0.6203703703703703,0.6869203038330037
4,0.4826388888888889,0.4676335198753664,0.31018518518518523,0.18087189456455333
5,0.4618055555555556,0.358891970105851,0.28240740740740744,0.15119534274999946
6,0.4444444444444444,0.4371887509899307,0.2592592592592593,0.1283892175389134
7,0.5798611111111112,0.5780015715545145,0.43981481481481477,0.3525771026067599
8,0.625,0.6252182713835239,0.5,0.45120505930460153
9,0.5381944444444444,0.5334285283610332,0.3842592592592593,0.27226886711064346
