mean_trialAcc,std_trialAcc,median_trialAcc,iqr_trialAcc,mean_macroF1,std_macroF1
0.5343364197530865,0.10101248789111548,0.5381944444444444,0.13541666666666663,0.5167680093584189,0.11871833364740203
