subject,trialAcc,macroF1,kappa,ITR
1,0.625,0.6268087079877782,0.5,0.45120505930460153
2,0.4305555555555556,0.41169432964999675,0.2407407407407407,0.11141187747112058
3,0.7256944444444444,0.7243361391379294,0.6342592592592593,0.7176607629810356
4,0.4861111111111111,0.4532870466111868,0.31481481481481477,0.18606204848355135
5,0.4548611111111111,0.3842923596673597,0.27314814814814814,0.1418623532943888
6,0.4409722222222222,0.4331685562311975,0.25462962962962965,0.12403892210078582
7,0.4930555555555556,0.48647244842897014,0.32407407407407407,0.19665121890789106
8,0.6319444444444444,0.6323804508511731,0.5092592592592593,0.46747835836122675
9,0.4548611111111111,0.4325811854189718,0.27314814814814814,0.1418623532943888
