mean_trialAcc,std_trialAcc,median_trialAcc,iqr_trialAcc,mean_macroF1,std_macroF1
0.5270061728395061,0.10001738341516273,0.4861111111111111,0.1701388888888889,0.5094468026649515,0.11337819667718997
