subject,trialAcc,macroF1,kappa,ITR
1,0.5555555555555556,0.5524829234041393,0.40740740740740744,0.30449616206348606
2,0.3715277777777778,0.34543278199228955,0.1620370370370371,0.052057152989817945
3,0.5069444444444444,0.5060122749344641,0.34259259259259256,0.2186645869734627
4,0.4340277777777778,0.42788644590196695,0.24537037037037035,0.11555012739406978
5,0.3923611111111111,0.364312390137533,0.18981481481481477,0.07060878222911637
6,0.3784722222222222,0.37288541016667126,0.17129629629629628,0.057945928772617616
7,0.6284722222222222,0.6265414223243254,0.5046296296296297,0.459304462202893
8,0.5173611111111112,0.5060027498457889,0.3564814814814815,0.23590531472848264
9,0.4375,0.42628956967249454,0.25,0.11975918505585215
