subject,trialAcc,macroF1,kappa,ITR
1,0.2361111111111111,0.23652866260250943,-0.0185185185185186,0.0007515958555828206
2,0.2361111111111111,0.23652866260250943,-0.0185185185185186,0.0007515958555828206
3,0.2361111111111111,0.23652866260250943,-0.0185185185185186,0.0007515958555828206
4,0.2569444444444444,0.25640767195464614,0.0092592592592593,0.00018440478011960693
5,0.2361111111111111,0.23652866260250943,-0.0185185185185186,0.0007515958555828206
6,0.2361111111111111,0.23652866260250943,-0.0185185185185186,0.0007515958555828206
7,0.2361111111111111,0.23652866260250943,-0.0185185185185186,0.0007515958555828206
8,0.2361111111111111,0.23652866260250943,-0.0185185185185186,0.0007515958555828206
9,0.2361111111111111,0.23652866260250943,-0.0185185185185186,0.0007515958555828206
