mean_trialAcc,std_trialAcc,median_trialAcc,iqr_trialAcc,mean_macroF1,std_macroF1
0.2384259259259259,0.006547285010986545,0.2361111111111111,0.0,0.23873744141941355,0.006247369918296296
