mean_trialAcc,std_trialAcc,median_trialAcc,iqr_trialAcc,mean_macroF1,std_macroF1
0.46913580246913583,0.08332440224203551,0.4375,0.12500000000000006,0.4586495520421859,0.08978028543601022
