subject,trialAcc,macroF1,kappa,ITR
1,0.6493055555555556,0.6490496768816496,0.5324074074074074,0.5094757318357521
2,0.4236111111111111,0.3950710423284559,0.2314814814814815,0.10334835156654076
3,0.7569444444444444,0.747536480295101,0.6759259259259259,0.8146813143112872
4,0.40625,0.36874028895428257,0.20833333333333337,0.08443911179876107
5,0.4444444444444444,0.39460399686932,0.2592592592592593,0.1283892175389134
6,0.4166666666666667,0.40372036853404264,0.2222222222222222,0.09556978459483934
7,0.59375,0.5996627016399175,0.45833333333333337,0.3816195806839777
8,0.6840277777777778,0.6838075447816439,0.5787037037037037,0.5992483774651955
9,0.5451388888888888,0.5315815090500552,0.3935185185185185,0.2849492457206042
