mean_trialAcc,std_trialAcc,median_trialAcc,iqr_trialAcc,mean_macroF1,std_macroF1
0.5466820987654322,0.12384920273886293,0.5451388888888888,0.22569444444444448,0.530419289926052,0.13682700294031103
