subject,trialAcc,macroF1,kappa,ITR
1,0.5833333333333334,0.5847275296692573,0.4444444444444444,0.35973020138169876
2,0.3645833333333333,0.3284817051820728,0.1527777777777778,0.04646636011654537
3,0.7256944444444444,0.7211649411577237,0.6342592592592593,0.7176607629810356
4,0.4375,0.42584382726697717,0.25,0.11975918505585215
5,0.4930555555555556,0.4619672758547454,0.32407407407407407,0.19665121890789106
6,0.4166666666666667,0.3932073925387232,0.2222222222222222,0.09556978459483934
7,0.5381944444444444,0.5404157825317176,0.3842592592592593,0.27226886711064346
8,0.6284722222222222,0.6254036335165788,0.5046296296296297,0.459304462202893
9,0.4722222222222222,0.4714492915924804,0.2962962962962963,0.1657195414182968
