mean_trialAcc,std_trialAcc,median_trialAcc,iqr_trialAcc,mean_macroF1,std_macroF1
0.5177469135802469,0.10698908355243696,0.4930555555555556,0.14583333333333337,0.5058512643678086,0.1162984723708622
