subject,trialAcc,macroF1,kappa,ITR
1,0.7118055555555556,0.7068240957637582,0.6157407407407407,0.6768451570318379
2,0.4895833333333333,0.43959772084357845,0.3194444444444444,0.19132183110340129
3,0.7361111111111112,0.71826989328595,0.6481481481481481,0.7491877670795727
4,0.5243055555555556,0.5236434778315394,0.3657407407407407,0.2477473888524122
5,0.5208333333333334,0.5126866648716343,0.36111111111111116,0.24179150380161096
6,0.4826388888888889,0.4793448275862069,0.31018518518518523,0.18087189456455333
7,0.6493055555555556,0.627297565822156,0.5324074074074074,0.5094757318357521
8,0.7326388888888888,0.73893050175058,0.6435185185185186,0.7385902065271126
9,0.6979166666666666,0.6918482102692629,0.5972222222222222,0.637386583637769
