mean_trialAcc,std_trialAcc,median_trialAcc,iqr_trialAcc,mean_macroF1,std_macroF1
0.6161265432098766,0.10341953137756488,0.6493055555555556,0.1909722222222222,0.6042714397805183,0.10926948451585926
