subject,trialAcc,macroF1,kappa,ITR
1,0.6006944444444444,0.5993997273600397,0.46759259259259256,0.3965727473661025
2,0.4166666666666667,0.38480010303662526,0.2222222222222222,0.09556978459483934
3,0.6909722222222222,0.6879041099697423,0.587962962962963,0.6181545550855092
4,0.4375,0.3798328009814155,0.25,0.11975918505585215
5,0.2916666666666667,0.1769872958257713,0.05555555555555558,0.006453759420483207
6,0.4513888888888889,0.4154209651985792,0.2685185185185185,0.13730103602900234
7,0.4826388888888889,0.4535423681257015,0.31018518518518523,0.18087189456455333
8,0.6284722222222222,0.6339515387440717,0.5046296296296297,0.459304462202893
9,0.5555555555555556,0.5343375745442294,0.40740740740740744,0.30449616206348606
