mean_trialAcc,std_trialAcc,median_trialAcc,iqr_trialAcc,mean_macroF1,std_macroF1
0.5061728395061729,0.11679815325539765,0.4826388888888889,0.16319444444444442,0.47401960930957504,0.14892049389672926
