subject,trialAcc,macroF1,kappa,ITR
1,0.7048611111111112,0.6970151419117568,0.6064814814814814,0.6569486381375391
2,0.4444444444444444,0.4210458851142661,0.2592592592592593,0.1283892175389134
3,0.7708333333333334,0.7582396161114036,0.6944444444444444,0.8602236414736084
4,0.5625,0.5615483233160294,0.41666666666666663,0.3178794976459969
5,0.5763888888888888,0.5735384352594364,0.43518518518518523,0.34549540028782855
6,0.4826388888888889,0.4746197292421679,0.31018518518518523,0.18087189456455333
7,0.6875,0.6827538265941047,0.5833333333333333,0.6086609859900811
8,0.7291666666666666,0.7369634809413492,0.6388888888888888,0.7280814455191145
9,0.6840277777777778,0.6789961622407517,0.5787037037037037,0.5992483774651955
