mean_trialAcc,std_trialAcc,median_trialAcc,iqr_trialAcc,mean_macroF1,std_macroF1
0.6269290123456791,0.10800677761521045,0.6840277777777778,0.14236111111111116,0.620524511192363,0.11176937156710531
