subject,trialAcc,macroF1,kappa,ITR
1,0.6076388888888888,0.6004806721645002,0.47685185185185186,0.4118159872454761
2,0.40625,0.36020815091309466,0.20833333333333337,0.08443911179876107
3,0.7326388888888888,0.7240441851549972,0.6435185185185186,0.7385902065271126
4,0.3854166666666667,0.3517067957056007,0.18055555555555558,0.06413048780042252
5,0.375,0.2803377150233134,0.16666666666666663,0.05496443412431229
6,0.4236111111111111,0.42424719347367523,0.2314814814814815,0.10334835156654076
7,0.46875,0.44550791096362213,0.29166666666666663,0.16080827259762165
8,0.6215277777777778,0.6273435761014963,0.49537037037037035,0.44317986992012126
9,0.5868055555555556,0.5805562378885887,0.44907407407407407,0.3669548630698991
