mean_trialAcc,std_trialAcc,median_trialAcc,iqr_trialAcc,mean_macroF1,std_macroF1
0.51195987654321,0.12068281110815625,0.46875,0.20138888888888884,0.48827027082098756,0.14152016256599037
