subject,trialAcc,macroF1,kappa,ITR
1,0.7256944444444444,0.7169615983597085,0.6342592592592593,0.7176607629810356
2,0.5069444444444444,0.4849497896324521,0.34259259259259256,0.2186645869734627
3,0.8090277777777778,0.79883617559412,0.7453703703703703,0.9938153402543543
4,0.5104166666666666,0.5083318282303723,0.3472222222222222,0.22434188320175852
5,0.5451388888888888,0.5426934317179053,0.3935185185185185,0.2849492457206042
6,0.4340277777777778,0.4251284235941507,0.24537037037037035,0.11555012739406978
7,0.7777777777777778,0.776718596645426,0.7037037037037037,0.8835816044422339
8,0.78125,0.7865789209409757,0.7083333333333333,0.8954109904288516
9,0.7743055555555556,0.7606874214874035,0.6990740740740741,0.8718528561347793
