mean_trialAcc,std_trialAcc,median_trialAcc,iqr_trialAcc,mean_macroF1,std_macroF1
0.6516203703703702,0.14047130947637754,0.7256944444444444,0.26736111111111116,0.6445429095780573,0.14248762997416106
