subject,trialAcc,macroF1,kappa,ITR
1,0.65625,0.6538024850924637,0.5416666666666667,0.526807067982235
2,0.3923611111111111,0.35775425984404313,0.18981481481481477,0.07060878222911637
3,0.7465277777777778,0.7441379179937613,0.662037037037037,0.7815208072636973
4,0.4444444444444444,0.40872155529962845,0.2592592592592593,0.1283892175389134
5,0.2708333333333333,0.139957686377165,0.02777777777777779,0.00164029935525134
6,0.4479166666666667,0.43507956558104677,0.26388888888888884,0.13280995767278636
7,0.5104166666666666,0.4960659196204035,0.3472222222222222,0.22434188320175852
8,0.6319444444444444,0.6304394103143525,0.5092592592592593,0.46747835836122675
9,0.4548611111111111,0.44417925913035367,0.27314814814814814,0.1418623532943888
