mean_trialAcc,std_trialAcc,median_trialAcc,iqr_trialAcc,mean_macroF1,std_macroF1
0.5061728395061729,0.13916617553557764,0.4548611111111111,0.1875,0.4789042288059131,0.17055785941979934
