mean_trialAcc,std_trialAcc,median_trialAcc,iqr_trialAcc,mean_macroF1,std_macroF1
0.5015432098765432,0.1269260806821182,0.4305555555555556,0.16666666666666663,0.46888190604094504,0.15062400222136624
