subject,trialAcc,macroF1,kappa,ITR
1,0.6666666666666666,0.6492149185159168,0.5555555555555556,0.5533833323717918
2,0.5416666666666666,0.530892758172347,0.38888888888888884,0.27857402565016676
3,0.7604166666666666,0.7482998838521137,0.6805555555555556,0.825922710434739
4,0.5069444444444444,0.49814379309333734,0.34259259259259256,0.2186645869734627
5,0.5798611111111112,0.5759019452543199,0.43981481481481477,0.3525771026067599
6,0.4375,0.43588266572137546,0.25,0.11975918505585215
7,0.6666666666666666,0.6577153715485924,0.5555555555555556,0.5533833323717918
8,0.7916666666666666,0.7932154365612358,0.7222222222222222,0.9315146128729752
9,0.7326388888888888,0.727819727834343,0.6435185185185186,0.7385902065271126
