mean_trialAcc,std_trialAcc,median_trialAcc,iqr_trialAcc,mean_macroF1,std_macroF1
0.6315586419753088,0.1149212241703961,0.6666666666666666,0.1909722222222222,0.6241207222837314,0.11491327446651595
