subject,trialAcc,macroF1,kappa,ITR
1,0.4930555555555556,0.4637127040165178,0.32407407407407407,0.19665121890789106
2,0.2361111111111111,0.21774593284157115,-0.0185185185185186,0.0007515958555828206
3,0.40625,0.37935263120148566,0.20833333333333337,0.08443911179876107
4,0.3368055555555556,0.2581801818870785,0.1157407407407407,0.027132686784210325
5,0.3194444444444444,0.21871954407612673,0.09259259259259256,0.017568676552407902
6,0.2916666666666667,0.28209676418290575,0.05555555555555558,0.006453759420483207
7,0.25,0.22170177848451972,0.0,0
8,0.4166666666666667,0.40878210470902115,0.2222222222222222,0.09556978459483934
9,0.3819444444444444,0.35572890272775637,0.17592592592592593,0.061001366861040074
