mean_trialAcc,std_trialAcc,median_trialAcc,iqr_trialAcc,mean_macroF1,std_macroF1
0.3479938271604939,0.07925964085424082,0.3368055555555556,0.11458333333333331,0.31178006045855367,0.0871533110424779
