subject,trialAcc,macroF1,kappa,ITR
1,0.7118055555555556,0.7058419483129771,0.6157407407407407,0.6768451570318379
2,0.4895833333333333,0.43959772084357845,0.3194444444444444,0.19132183110340129
3,0.7361111111111112,0.71826989328595,0.6481481481481481,0.7491877670795727
4,0.5208333333333334,0.5121402458915297,0.36111111111111116,0.24179150380161096
5,0.5138888888888888,0.5030849021316399,0.35185185185185186,0.23008878461469462
6,0.4826388888888889,0.4793448275862069,0.31018518518518523,0.18087189456455333
7,0.6666666666666666,0.6549494702698895,0.5555555555555556,0.5533833323717918
8,0.7361111111111112,0.7420485093446524,0.6481481481481481,0.7491877670795727
9,0.6979166666666666,0.6918482102692629,0.5972222222222222,0.637386583637769
