subject,trialAcc,macroF1,kappa,ITR
1,0.6631944444444444,0.66107145180872,0.5509259259259259,0.5444468363251431
2,0.4791666666666667,0.4640066820683865,0.3055555555555556,0.17575139960489605
3,0.7638888888888888,0.7566040634854455,0.6851851851851851,0.837259582347304
4,0.3993055555555556,0.39987810985281064,0.19907407407407407,0.0773789104153142
5,0.6006944444444444,0.5978596434646898,0.46759259259259256,0.3965727473661025
6,0.4548611111111111,0.4541522223004417,0.27314814814814814,0.1418623532943888
7,0.5381944444444444,0.517869506559187,0.3842592592592593,0.27226886711064346
8,0.7430555555555556,0.7459987538698184,0.6574074074074074,0.7706522870751257
9,0.7013888888888888,0.6834332497537823,0.6018518518518519,0.6471260866070748
