mean_trialAcc,std_trialAcc,median_trialAcc,iqr_trialAcc,mean_macroF1,std_macroF1
0.617283950617284,0.10569579522325782,0.6666666666666666,0.19791666666666674,0.6052361919928541,0.11253408259848315
