subject,trialAcc,macroF1,kappa,ITR
1,0.65625,0.6498572322935381,0.5416666666666667,0.526807067982235
2,0.3576388888888889,0.33479220247837266,0.1435185185185185,0.04117590780065772
3,0.6736111111111112,0.6650090248907211,0.5648148148148149,0.5714915554125906
4,0.4548611111111111,0.3980274697274443,0.27314814814814814,0.1418623532943888
5,0.3402777777777778,0.2624600673206149,0.12037037037037035,0.029280745672794595
6,0.4270833333333333,0.40867943331178624,0.23611111111111116,0.10734457108649087
7,0.4861111111111111,0.4703064926181781,0.31481481481481477,0.18606204848355135
8,0.65625,0.6520175453914969,0.5416666666666667,0.526807067982235
9,0.5590277777777778,0.5558030765107589,0.4120370370370371,0.3111525506581445
