mean_trialAcc,std_trialAcc,median_trialAcc,iqr_trialAcc,mean_macroF1,std_macroF1
0.5123456790123457,0.12220502552359322,0.4861111111111111,0.22916666666666669,0.4885502827269902,0.140659954334579
