subject,trialAcc,macroF1,kappa,ITR
1,0.5763888888888888,0.5773745531338661,0.43518518518518523,0.34549540028782855
2,0.3715277777777778,0.3174146332526884,0.1620370370370371,0.052057152989817945
3,0.7222222222222222,0.7211262697737691,0.6296296296296297,0.7073274600390893
4,0.4548611111111111,0.431384281484776,0.27314814814814814,0.1418623532943888
5,0.4131944444444444,0.3019180101601662,0.21759259259259256,0.09178776225025342
6,0.4826388888888889,0.45969182381992124,0.31018518518518523,0.18087189456455333
7,0.5243055555555556,0.5163472837108556,0.3657407407407407,0.2477473888524122
8,0.6875,0.6922491121621899,0.5833333333333333,0.6086609859900811
9,0.5555555555555556,0.5559895833333334,0.40740740740740744,0.30449616206348606
