mean_trialAcc,std_trialAcc,median_trialAcc,iqr_trialAcc,mean_macroF1,std_macroF1
0.5092592592592592,0.10039466871389557,0.4513888888888889,0.1284722222222222,0.4805582927569723,0.1237024312529953
