mean_trialAcc,std_trialAcc,median_trialAcc,iqr_trialAcc,mean_macroF1,std_macroF1
0.5320216049382717,0.11115664790474156,0.5243055555555556,0.12152777777777773,0.5081661723146184,0.13886524896118843
