subject,trialAcc,macroF1,kappa,ITR
1,0.5902777777777778,0.583406520390959,0.4537037037037037,0.37425126204036174
2,0.3993055555555556,0.3533600775582523,0.19907407407407407,0.0773789104153142
3,0.7326388888888888,0.7251030435796262,0.6435185185185186,0.7385902065271126
4,0.4236111111111111,0.38635199925522506,0.2314814814814815,0.10334835156654076
5,0.3402777777777778,0.23148148148148145,0.12037037037037035,0.029280745672794595
6,0.4340277777777778,0.4316442498175373,0.24537037037037035,0.11555012739406978
7,0.4652777777777778,0.43595440908603883,0.2870370370370371,0.15596685160386214
8,0.5902777777777778,0.5972196897261546,0.4537037037037037,0.37425126204036174
9,0.5659722222222222,0.5554984413014518,0.4212962962962963,0.32467712401700033
