subject,trialAcc,macroF1,kappa,ITR
1,0.5243055555555556,0.5267149827147946,0.3657407407407407,0.2477473888524122
2,0.3402777777777778,0.3031310198498004,0.12037037037037035,0.029280745672794595
3,0.7152777777777778,0.7115720503253521,0.6203703703703703,0.6869203038330037
4,0.4236111111111111,0.38348828036961913,0.2314814814814815,0.10334835156654076
5,0.2604166666666667,0.12120316471646045,0.01388888888888884,0.00041367300799444173
6,0.4166666666666667,0.3552052785923754,0.2222222222222222,0.09556978459483934
7,0.4861111111111111,0.47086306325235594,0.31481481481481477,0.18606204848355135
8,0.5729166666666666,0.5680102637937097,0.4305555555555556,0.33848493577499283
9,0.4965277777777778,0.4605170613219203,0.3287037037037037,0.20205019510945
