mean_trialAcc,std_trialAcc,median_trialAcc,iqr_trialAcc,mean_macroF1,std_macroF1
0.47067901234567905,0.12490470380561891,0.4861111111111111,0.1076388888888889,0.4334116849929319,0.15964842587417877
