subject,trialAcc,macroF1,kappa,ITR
1,0.6284722222222222,0.6222330941509023,0.5046296296296297,0.459304462202893
2,0.3854166666666667,0.35887970167383776,0.18055555555555558,0.06413048780042252
3,0.6736111111111112,0.6653915830546264,0.5648148148148149,0.5714915554125906
4,0.3888888888888889,0.3452702966178802,0.18518518518518523,0.06733304030661968
5,0.3888888888888889,0.28015642774678917,0.18518518518518523,0.06733304030661968
6,0.4166666666666667,0.38505536558438225,0.2222222222222222,0.09556978459483934
7,0.5208333333333334,0.512050485746138,0.36111111111111116,0.24179150380161096
8,0.6284722222222222,0.6277845404747413,0.5046296296296297,0.459304462202893
9,0.4826388888888889,0.4583234043167753,0.31018518518518523,0.18087189456455333
