mean_trialAcc,std_trialAcc,median_trialAcc,iqr_trialAcc,mean_macroF1,std_macroF1
0.5015432098765432,0.10986364624684285,0.4826388888888889,0.23958333333333331,0.47279387770734144,0.1330181582459783
