subject,trialAcc,macroF1,kappa,ITR
1,0.6736111111111112,0.664102971482551,0.5648148148148149,0.5714915554125906
2,0.4652777777777778,0.4496758546274007,0.2870370370370371,0.15596685160386214
3,0.7604166666666666,0.7440687406280921,0.6805555555555556,0.825922710434739
4,0.4930555555555556,0.4949085690519609,0.32407407407407407,0.19665121890789106
5,0.5659722222222222,0.5525381923995245,0.4212962962962963,0.32467712401700033
6,0.4409722222222222,0.4409831411352438,0.25462962962962965,0.12403892210078582
7,0.6145833333333334,0.5873676420389641,0.48611111111111116,0.4273510608823541
8,0.7604166666666666,0.7650740825423172,0.6805555555555556,0.825922710434739
9,0.6458333333333334,0.6402035232152539,0.5277777777777778,0.5009248203411198
