mean_trialAcc,std_trialAcc,median_trialAcc,iqr_trialAcc,mean_macroF1,std_macroF1
0.6022376543209876,0.11313159931649486,0.6145833333333334,0.18055555555555558,0.5932136352357009,0.11286983400607008
