subject,trialAcc,macroF1,kappa,ITR
1,0.6736111111111112,0.6664862504141441,0.5648148148148149,0.5714915554125906
2,0.4305555555555556,0.3915331377416686,0.2407407407407407,0.11141187747112058
3,0.6736111111111112,0.6617780954534686,0.5648148148148149,0.5714915554125906
4,0.5104166666666666,0.4570702046768398,0.3472222222222222,0.22434188320175852
5,0.5243055555555556,0.46208599295463537,0.3657407407407407,0.2477473888524122
6,0.3541666666666667,0.3110551592469808,0.13888888888888884,0.03864409096411592
7,0.6319444444444444,0.6359514019507894,0.5092592592592593,0.46747835836122675
8,0.7083333333333334,0.7073586518964671,0.6111111111111112,0.6668548013876316
9,0.5243055555555556,0.5045777142847458,0.3657407407407407,0.2477473888524122
