mean_trialAcc,std_trialAcc,median_trialAcc,iqr_trialAcc,mean_macroF1,std_macroF1
0.5590277777777778,0.11407364192438588,0.5243055555555556,0.16319444444444453,0.5330996231799711,0.13177276747933334
