subject,trialAcc,macroF1,kappa,ITR
1,0.6284722222222222,0.6270074881957672,0.5046296296296297,0.459304462202893
2,0.3541666666666667,0.3249857800529693,0.13888888888888884,0.03864409096411592
3,0.6423611111111112,0.6354736603051014,0.5231481481481481,0.49244995314487583
4,0.4166666666666667,0.3861889518283711,0.2222222222222222,0.09556978459483934
5,0.3854166666666667,0.3350491865330712,0.18055555555555558,0.06413048780042252
6,0.4166666666666667,0.37127709774203094,0.2222222222222222,0.09556978459483934
7,0.4722222222222222,0.4499303171929225,0.2962962962962963,0.1657195414182968
8,0.5833333333333334,0.5871723191299083,0.4444444444444444,0.35973020138169876
9,0.46875,0.42841091673127263,0.29166666666666663,0.16080827259762165
