subject,trialAcc,macroF1,kappa,ITR
1,0.59375,0.5866688164175995,0.45833333333333337,0.3816195806839777
2,0.3958333333333333,0.3832478928683251,0.19444444444444442,0.07395748038747274
3,0.5972222222222222,0.593945977424872,0.4629629629629629,0.3890600095295802
4,0.4618055555555556,0.41664227909841944,0.28240740740740744,0.15119534274999946
5,0.3611111111111111,0.27543163407249815,0.14814814814814814,0.04378343768432358
6,0.4305555555555556,0.41362138932143855,0.2407407407407407,0.11141187747112058
7,0.4618055555555556,0.4487530625893612,0.28240740740740744,0.15119534274999946
8,0.5902777777777778,0.592292782377995,0.4537037037037037,0.37425126204036174
9,0.5138888888888888,0.48013575579485523,0.35185185185185186,0.23008878461469462
