mean_trialAcc,std_trialAcc,median_trialAcc,iqr_trialAcc,mean_macroF1,std_macroF1
0.4895833333333333,0.08398982665058674,0.4618055555555556,0.1597222222222222,0.46563773221837373,0.10312937687533756
