subject,trialAcc,macroF1,kappa,ITR
1,0.6354166666666666,0.6353288878717236,0.5138888888888888,0.47572703739519207
2,0.3888888888888889,0.3620018115942029,0.18518518518518523,0.06733304030661968
3,0.7083333333333334,0.7090225563909774,0.6111111111111112,0.6668548013876316
4,0.4722222222222222,0.4366879869743421,0.2962962962962963,0.1657195414182968
5,0.4375,0.36058109990984344,0.25,0.11975918505585215
6,0.4305555555555556,0.4106763334704511,0.2407407407407407,0.11141187747112058
7,0.46875,0.46120022918823717,0.29166666666666663,0.16080827259762165
8,0.6284722222222222,0.6324928507018721,0.5046296296296297,0.459304462202893
9,0.5208333333333334,0.4951501681041323,0.36111111111111116,0.24179150380161096
