mean_trialAcc,std_trialAcc,median_trialAcc,iqr_trialAcc,mean_macroF1,std_macroF1
0.5212191358024691,0.1040565833500456,0.4722222222222222,0.1909722222222222,0.5003491026895313,0.12090161141811527
