subject,trialAcc,macroF1,kappa,ITR
1,0.6041666666666666,0.6054081246281171,0.4722222222222222,0.40415800137104685
2,0.3819444444444444,0.34356850578853276,0.17592592592592593,0.061001366861040074
3,0.7013888888888888,0.7023558987875658,0.6018518518518519,0.6471260866070748
4,0.46875,0.4443154962048947,0.29166666666666663,0.16080827259762165
5,0.4583333333333333,0.3928884148392819,0.2777777777777778,0.14649381725673694
6,0.4270833333333333,0.3817316887033597,0.23611111111111116,0.10734457108649087
7,0.46875,0.4445993941550133,0.29166666666666663,0.16080827259762165
8,0.6180555555555556,0.621939135727328,0.4907407407407407,0.4352286239757577
9,0.4340277777777778,0.4111443202598389,0.24537037037037035,0.11555012739406978
