mean_trialAcc,std_trialAcc,median_trialAcc,iqr_trialAcc,mean_macroF1,std_macroF1
0.5069444444444444,0.10121856994942335,0.46875,0.17013888888888884,0.4831056643437702,0.11942249395649306
