subject,trialAcc,macroF1,kappa,ITR
1,0.7083333333333334,0.6991293554621698,0.6111111111111112,0.6668548013876316
2,0.4618055555555556,0.415032203847525,0.28240740740740744,0.15119534274999946
3,0.75,0.7340051980194772,0.6666666666666667,0.792481250360578
4,0.5694444444444444,0.5681744990944476,0.42592592592592593,0.3315455581268365
5,0.5520833333333334,0.547804716297867,0.4027777777777778,0.29791021816457364
6,0.4479166666666667,0.4456490629159811,0.26388888888888884,0.13280995767278636
7,0.7013888888888888,0.7045078251445854,0.6018518518518519,0.6471260866070748
8,0.7048611111111112,0.7154912820352112,0.6064814814814814,0.6569486381375391
9,0.6909722222222222,0.6882116825952524,0.587962962962963,0.6181545550855092
