mean_trialAcc,std_trialAcc,median_trialAcc,iqr_trialAcc,mean_macroF1,std_macroF1
0.6207561728395061,0.10820091446270434,0.6909722222222222,0.1527777777777778,0.6131117583791684,0.11549540085608437
