subject,trialAcc,macroF1,kappa,ITR
1,0.6493055555555556,0.6370731720906349,0.5324074074074074,0.5094757318357521
2,0.4756944444444444,0.46155934994944287,0.30092592592592593,0.17070060062291148
3,0.7743055555555556,0.7654534756760454,0.6990740740740741,0.8718528561347793
4,0.4826388888888889,0.48086198009194103,0.31018518518518523,0.18087189456455333
5,0.5763888888888888,0.5706586773659944,0.43518518518518523,0.34549540028782855
6,0.4756944444444444,0.4769018151409987,0.30092592592592593,0.17070060062291148
7,0.6597222222222222,0.6428347699638226,0.5462962962962963,0.5355882111809418
8,0.7743055555555556,0.7783984975500291,0.6990740740740741,0.8718528561347793
9,0.6770833333333334,0.6674807962832363,0.5694444444444444,0.580664123721415
