mean_trialAcc,std_trialAcc,median_trialAcc,iqr_trialAcc,mean_macroF1,std_macroF1
0.6161265432098765,0.11333271764471405,0.6493055555555556,0.19444444444444448,0.6090247260124606,0.11333554831279363
