subject,trialAcc,macroF1,kappa,ITR
1,0.6527777777777778,0.6521373542933266,0.537037037037037,0.5181030298797455
2,0.4236111111111111,0.4067818939803148,0.2314814814814815,0.10334835156654076
3,0.7673611111111112,0.7644826939331582,0.6898148148148149,0.8486928938280338
4,0.5104166666666666,0.5007970963853318,0.3472222222222222,0.22434188320175852
5,0.3819444444444444,0.30157990157990155,0.17592592592592593,0.061001366861040074
6,0.4861111111111111,0.481237896287454,0.31481481481481477,0.18606204848355135
7,0.5486111111111112,0.5479060217463589,0.39814814814814814,0.291394612488004
8,0.6875,0.6931633175699103,0.5833333333333333,0.6086609859900811
9,0.59375,0.5737818240622997,0.45833333333333337,0.3816195806839777
