mean_trialAcc,std_trialAcc,median_trialAcc,iqr_trialAcc,mean_macroF1,std_macroF1
0.5613425925925927,0.11894860116366596,0.5486111111111112,0.16666666666666669,0.5468742222042284,0.13613137036525289
