subject,trialAcc,macroF1,kappa,ITR
1,0.6006944444444444,0.6056376151534166,0.46759259259259256,0.3965727473661025
2,0.3923611111111111,0.3667531817750754,0.18981481481481477,0.07060878222911637
3,0.6875,0.685733384262796,0.5833333333333333,0.6086609859900811
4,0.4201388888888889,0.3671164021164021,0.22685185185185186,0.09942336985268607
5,0.3541666666666667,0.24565637065637064,0.13888888888888884,0.03864409096411592
6,0.4409722222222222,0.43993883284815993,0.25462962962962965,0.12403892210078582
7,0.4756944444444444,0.47358387355715703,0.30092592592592593,0.17070060062291148
8,0.6111111111111112,0.6104367831724014,0.4814814814814815,0.4195469293557659
9,0.5034722222222222,0.4991159625898173,0.3379629629629629,0.2130568791422356
