mean_trialAcc,std_trialAcc,median_trialAcc,iqr_trialAcc,mean_macroF1,std_macroF1
0.49845679012345684,0.10590260209344757,0.4756944444444444,0.18055555555555552,0.477108045125733,0.1323066675316877
