subject,trialAcc,macroF1,kappa,ITR
1,0.3125,0.25059211586322866,0.08333333333333337,0.01430004821964781
2,0.3784722222222222,0.33075771948817534,0.17129629629629628,0.057945928772617616
3,0.4131944444444444,0.2743944178240996,0.21759259259259256,0.09178776225025342
4,0.34375,0.3010808047673719,0.125,0.031506286506873815
5,0.3159722222222222,0.209454845421711,0.08796296296296291,0.015894123727547838
6,0.2673611111111111,0.15129392361397304,0.02314814814814814,0.001142376330463657
7,0.2916666666666667,0.19904184561239435,0.05555555555555558,0.006453759420483207
8,0.3645833333333333,0.2616215626364033,0.1527777777777778,0.04646636011654537
9,0.4583333333333333,0.390465073387366,0.2777777777777778,0.14649381725673694
