subject,trialAcc,macroF1,kappa,ITR
1,0.4513888888888889,0.3787526978040399,0.2685185185185185,0.13730103602900234
2,0.3159722222222222,0.23762667620682631,0.08796296296296291,0.015894123727547838
3,0.5451388888888888,0.5088218985195468,0.3935185185185185,0.2849492457206042
4,0.3680555555555556,0.3681766202702917,0.15740740740740744,0.04922436511536632
5,0.2708333333333333,0.13916256157635468,0.02777777777777779,0.00164029935525134
6,0.3472222222222222,0.24435823204037804,0.12962962962962965,0.03380893243716998
7,0.2916666666666667,0.18348214285714287,0.05555555555555558,0.006453759420483207
8,0.6180555555555556,0.6154106939459715,0.4907407407407407,0.4352286239757577
9,0.4201388888888889,0.3690462894527935,0.22685185185185186,0.09942336985268607
