mean_trialAcc,std_trialAcc,median_trialAcc,iqr_trialAcc,mean_macroF1,std_macroF1
0.40316358024691357,0.11098377691698609,0.3680555555555556,0.13541666666666669,0.33831531251926056,0.1460315346995551
