mean_trialAcc,std_trialAcc,median_trialAcc,iqr_trialAcc,mean_macroF1,std_macroF1
0.34953703703703703,0.05733549109491127,0.34375,0.06597222222222221,0.2631891454016359,0.06832109176583313
