subject,trialAcc,macroF1,kappa,ITR
1,0.6006944444444444,0.5995707745999286,0.46759259259259256,0.3965727473661025
2,0.3472222222222222,0.30539226819393706,0.12962962962962965,0.03380893243716998
3,0.6979166666666666,0.6970217637743752,0.5972222222222222,0.637386583637769
4,0.4270833333333333,0.3720622454426642,0.23611111111111116,0.10734457108649087
5,0.3229166666666667,0.23213700200027548,0.09722222222222221,0.019323238049338665
6,0.3923611111111111,0.372158872868812,0.18981481481481477,0.07060878222911637
7,0.4930555555555556,0.47406131577242927,0.32407407407407407,0.19665121890789106
8,0.6354166666666666,0.6409193127975867,0.5138888888888888,0.47572703739519207
9,0.5486111111111112,0.5426576784734984,0.39814814814814814,0.291394612488004
