mean_trialAcc,std_trialAcc,median_trialAcc,iqr_trialAcc,mean_macroF1,std_macroF1
0.49614197530864196,0.1254006401477238,0.4930555555555556,0.20833333333333331,0.4706645815470563,0.15117015320047966
