subject,trialAcc,macroF1,kappa,ITR
1,0.6840277777777778,0.6774627024602641,0.5787037037037037,0.5992483774651955
2,0.4131944444444444,0.3859298372440233,0.21759259259259256,0.09178776225025342
3,0.6909722222222222,0.6777560512360554,0.587962962962963,0.6181545550855092
4,0.5069444444444444,0.4817774017351115,0.34259259259259256,0.2186645869734627
5,0.4236111111111111,0.3626725455111435,0.2314814814814815,0.10334835156654076
6,0.4548611111111111,0.4585064353209515,0.27314814814814814,0.1418623532943888
7,0.5763888888888888,0.5692160677816416,0.43518518518518523,0.34549540028782855
8,0.6527777777777778,0.6522376398133176,0.537037037037037,0.5181030298797455
9,0.4861111111111111,0.48037075447238786,0.31481481481481477,0.18606204848355135
