mean_trialAcc,std_trialAcc,median_trialAcc,iqr_trialAcc,mean_macroF1,std_macroF1
0.5432098765432098,0.10454036761999969,0.5069444444444444,0.19791666666666669,0.5273254928416551,0.1148173247497029
