subject,trialAcc,macroF1,kappa,ITR
1,0.6319444444444444,0.6286111154212397,0.5092592592592593,0.46747835836122675
2,0.3715277777777778,0.3506151839083518,0.1620370370370371,0.052057152989817945
3,0.7395833333333334,0.736154364087076,0.6527777777777778,0.759874871270215
4,0.4965277777777778,0.47125215180852287,0.3287037037037037,0.20205019510945
5,0.2673611111111111,0.13541449778291884,0.02314814814814814,0.001142376330463657
6,0.4305555555555556,0.42354341837100457,0.2407407407407407,0.11141187747112058
7,0.46875,0.45020318782135643,0.29166666666666663,0.16080827259762165
8,0.6111111111111112,0.6125151030561479,0.4814814814814815,0.4195469293557659
9,0.5902777777777778,0.592466289512374,0.4537037037037037,0.37425126204036174
