mean_trialAcc,std_trialAcc,median_trialAcc,iqr_trialAcc,mean_macroF1,std_macroF1
0.51195987654321,0.1376206672862745,0.4965277777777778,0.18055555555555558,0.4889750346409991,0.1689232563777894
