subject,trialAcc,macroF1,kappa,ITR
1,0.6145833333333334,0.6101058035507347,0.48611111111111116,0.4273510608823541
2,0.375,0.3582624854245724,0.16666666666666663,0.05496443412431229
3,0.6527777777777778,0.6516484409886035,0.537037037037037,0.5181030298797455
4,0.4791666666666667,0.43731538970860806,0.3055555555555556,0.17575139960489605
5,0.3472222222222222,0.255767939244979,0.12962962962962965,0.03380893243716998
6,0.4305555555555556,0.3986911091419288,0.2407407407407407,0.11141187747112058
7,0.4305555555555556,0.4165116166348655,0.2407407407407407,0.11141187747112058
8,0.5972222222222222,0.5975762167499062,0.4629629629629629,0.3890600095295802
9,0.5138888888888888,0.477564616527287,0.35185185185185186,0.23008878461469462
