mean_trialAcc,std_trialAcc,median_trialAcc,iqr_trialAcc,mean_macroF1,std_macroF1
0.49344135802469125,0.10261765508523767,0.4791666666666667,0.16666666666666663,0.4670492908857206,0.12305158967155849
