subject,trialAcc,macroF1,kappa,ITR
1,0.5729166666666666,0.5630138771310335,0.4305555555555556,0.33848493577499283
2,0.4479166666666667,0.44600016841396156,0.26388888888888884,0.13280995767278636
3,0.7083333333333334,0.7029141094304533,0.6111111111111112,0.6668548013876316
4,0.5138888888888888,0.49771797102850424,0.35185185185185186,0.23008878461469462
5,0.6319444444444444,0.6201910567307368,0.5092592592592593,0.46747835836122675
6,0.34375,0.31808453718566077,0.125,0.031506286506873815
7,0.6041666666666666,0.6061234619463161,0.4722222222222222,0.40415800137104685
8,0.6944444444444444,0.6924440589149935,0.5925925925925926,0.6277295830422893
9,0.6354166666666666,0.6377366530601067,0.5138888888888888,0.47572703739519207
