subject,trialAcc,macroF1,kappa,ITR
1,0.6215277777777778,0.6145685217143004,0.49537037037037035,0.44317986992012126
2,0.4097222222222222,0.3978711811827535,0.2129629629629629,0.08807747718793091
3,0.6909722222222222,0.6721872824567836,0.587962962962963,0.6181545550855092
4,0.5173611111111112,0.5028848373773299,0.3564814814814815,0.23590531472848264
5,0.6076388888888888,0.5809164847854709,0.47685185185185186,0.4118159872454761
6,0.3819444444444444,0.3492784070149799,0.17592592592592593,0.061001366861040074
7,0.7083333333333334,0.7099545259331497,0.6111111111111112,0.6668548013876316
8,0.6597222222222222,0.6428236873615025,0.5462962962962963,0.5355882111809418
9,0.6875,0.6871689288334557,0.5833333333333333,0.6086609859900811
