mean_trialAcc,std_trialAcc,median_trialAcc,iqr_trialAcc,mean_macroF1,std_macroF1
0.5871913580246914,0.11588468415342129,0.6215277777777778,0.17013888888888884,0.5730726507399696,0.12198939225552641
