subject,trialAcc,macroF1,kappa,ITR
1,0.5833333333333334,0.5767986766711564,0.4444444444444444,0.35973020138169876
2,0.4409722222222222,0.4252173763745063,0.25462962962962965,0.12403892210078582
3,0.65625,0.6507275020622657,0.5416666666666667,0.526807067982235
4,0.4548611111111111,0.44372554477538323,0.27314814814814814,0.1418623532943888
5,0.2847222222222222,0.16451445840044163,0.04629629629629628,0.004505893800283767
6,0.4444444444444444,0.39670093976254006,0.2592592592592593,0.1283892175389134
7,0.5625,0.5628896877486419,0.41666666666666663,0.3178794976459969
8,0.5555555555555556,0.561106311683552,0.40740740740740744,0.30449616206348606
9,0.5486111111111112,0.5312921078901305,0.39814814814814814,0.291394612488004
