mean_trialAcc,std_trialAcc,median_trialAcc,iqr_trialAcc,mean_macroF1,std_macroF1
0.5034722222222222,0.10304176557432865,0.5486111111111112,0.11805555555555558,0.47921917837429084,0.13555606606933404
