subject,trialAcc,macroF1,kappa,ITR
1,0.5798611111111112,0.5747481775608086,0.43981481481481477,0.3525771026067599
2,0.4409722222222222,0.4231238540870812,0.25462962962962965,0.12403892210078582
3,0.6284722222222222,0.6233275573382004,0.5046296296296297,0.459304462202893
4,0.4305555555555556,0.4026114857320482,0.2407407407407407,0.11141187747112058
5,0.25,0.1,0.0,0
6,0.4305555555555556,0.3862892857447954,0.2407407407407407,0.11141187747112058
7,0.5763888888888888,0.5769933604626258,0.43518518518518523,0.34549540028782855
8,0.5486111111111112,0.545200630632031,0.39814814814814814,0.291394612488004
9,0.4791666666666667,0.4797561228725612,0.3055555555555556,0.17575139960489605
