mean_trialAcc,std_trialAcc,median_trialAcc,iqr_trialAcc,mean_macroF1,std_macroF1
0.4849537037037038,0.10806739676145787,0.4791666666666667,0.14583333333333326,0.4568944971589058,0.14936149185977593
