subject,trialAcc,macroF1,kappa,ITR
1,0.65625,0.6502677625420126,0.5416666666666667,0.526807067982235
2,0.4340277777777778,0.3741637082344219,0.24537037037037035,0.11555012739406978
3,0.8402777777777778,0.8395153053454776,0.787037037037037,1.1132016595504004
4,0.5381944444444444,0.5310470560907623,0.3842592592592593,0.27226886711064346
5,0.4756944444444444,0.3961949555585698,0.30092592592592593,0.17070060062291148
6,0.4201388888888889,0.4125379978012538,0.22685185185185186,0.09942336985268607
7,0.625,0.612341450287121,0.5,0.45120505930460153
8,0.7604166666666666,0.7580430065827084,0.6805555555555556,0.825922710434739
9,0.6111111111111112,0.6108139398967183,0.4814814814814815,0.4195469293557659
