mean_trialAcc,std_trialAcc,median_trialAcc,iqr_trialAcc,mean_macroF1,std_macroF1
0.595679012345679,0.13596567949246452,0.6111111111111112,0.18055555555555558,0.5761027980376716,0.15363615939845163
