subject,trialAcc,macroF1,kappa,ITR
1,0.59375,0.5862282680793302,0.45833333333333337,0.3816195806839777
2,0.3680555555555556,0.3506785130067668,0.15740740740740744,0.04922436511536632
3,0.71875,0.7195867536302923,0.625,0.6970808592438031
4,0.46875,0.42274800171132465,0.29166666666666663,0.16080827259762165
5,0.3784722222222222,0.31806370836350195,0.17129629629629628,0.057945928772617616
6,0.4479166666666667,0.44689635371805914,0.26388888888888884,0.13280995767278636
7,0.4583333333333333,0.4321810399714411,0.2777777777777778,0.14649381725673694
8,0.6180555555555556,0.6211420539636936,0.4907407407407407,0.4352286239757577
9,0.4479166666666667,0.4441976561895487,0.26388888888888884,0.13280995767278636
