mean_trialAcc,std_trialAcc,median_trialAcc,iqr_trialAcc,mean_macroF1,std_macroF1
0.5,0.1110025511329568,0.4583333333333333,0.14583333333333331,0.482413594292662,0.12447419229503111
