subject,trialAcc,macroF1,kappa,ITR
1,0.6423611111111112,0.6403349382257348,0.5231481481481481,0.49244995314487583
2,0.3819444444444444,0.3437315392189038,0.17592592592592593,0.061001366861040074
3,0.6909722222222222,0.6882030756631929,0.587962962962963,0.6181545550855092
4,0.4618055555555556,0.4512927289713385,0.28240740740740744,0.15119534274999946
5,0.2847222222222222,0.16665815240527884,0.04629629629629628,0.004505893800283767
6,0.4861111111111111,0.4681030389363723,0.31481481481481477,0.18606204848355135
7,0.5069444444444444,0.4944734661490297,0.34259259259259256,0.2186645869734627
8,0.6041666666666666,0.6011180287394726,0.4722222222222222,0.40415800137104685
9,0.5347222222222222,0.5339028621240305,0.37962962962962965,0.2660336919317201
