mean_trialAcc,std_trialAcc,median_trialAcc,iqr_trialAcc,mean_macroF1,std_macroF1
0.5104166666666666,0.12009182514960817,0.5069444444444444,0.14236111111111105,0.4875353144925949,0.15057195144381708
