subject,trialAcc,macroF1,kappa,ITR
1,0.6111111111111112,0.6065158231828827,0.4814814814814815,0.4195469293557659
2,0.4131944444444444,0.4034443340793455,0.21759259259259256,0.09178776225025342
3,0.7048611111111112,0.7015695166241949,0.6064814814814814,0.6569486381375391
4,0.4618055555555556,0.41405613231448657,0.28240740740740744,0.15119534274999946
5,0.4236111111111111,0.3605435325131644,0.2314814814814815,0.10334835156654076
6,0.3888888888888889,0.3706776746250402,0.18518518518518523,0.06733304030661968
7,0.5347222222222222,0.5294620800727045,0.37962962962962965,0.2660336919317201
8,0.5763888888888888,0.5741765463415301,0.43518518518518523,0.34549540028782855
9,0.53125,0.5144465089140541,0.375,0.2598684288926938
