mean_trialAcc,std_trialAcc,median_trialAcc,iqr_trialAcc,mean_macroF1,std_macroF1
0.5162037037037037,0.09840005234644578,0.53125,0.15277777777777773,0.4972102387408226,0.11123870064819127
