subject,trialAcc,macroF1,kappa,ITR
1,0.6770833333333334,0.6736864959975425,0.5694444444444444,0.580664123721415
2,0.4201388888888889,0.4157651034411598,0.22685185185185186,0.09942336985268607
3,0.7048611111111112,0.6932018204231725,0.6064814814814814,0.6569486381375391
4,0.5208333333333334,0.5064712741504671,0.36111111111111116,0.24179150380161096
5,0.3680555555555556,0.25609415867480384,0.15740740740740744,0.04922436511536632
6,0.5034722222222222,0.5025239849868706,0.3379629629629629,0.2130568791422356
7,0.5138888888888888,0.5071879303959955,0.35185185185185186,0.23008878461469462
8,0.6111111111111112,0.6094573532976933,0.4814814814814815,0.4195469293557659
9,0.5243055555555556,0.5192049116634373,0.3657407407407407,0.2477473888524122
