mean_trialAcc,std_trialAcc,median_trialAcc,iqr_trialAcc,mean_macroF1,std_macroF1
0.5381944444444444,0.10411521362985658,0.5208333333333334,0.10763888888888895,0.5203992258923491,0.12595590888179756
