subject,trialAcc,macroF1,kappa,ITR
1,0.7152777777777778,0.7160998892966387,0.6203703703703703,0.6869203038330037
2,0.4270833333333333,0.41071341415354023,0.23611111111111116,0.10734457108649087
3,0.7465277777777778,0.7311733978282526,0.662037037037037,0.7815208072636973
4,0.5034722222222222,0.4951044856298684,0.3379629629629629,0.2130568791422356
5,0.5833333333333334,0.5794062179853965,0.4444444444444444,0.35973020138169876
6,0.5034722222222222,0.49894206795586665,0.3379629629629629,0.2130568791422356
7,0.6736111111111112,0.6596265733145464,0.5648148148148149,0.5714915554125906
8,0.7708333333333334,0.7727262297395096,0.6944444444444444,0.8602236414736084
9,0.7222222222222222,0.7192917537136679,0.6296296296296297,0.7073274600390893
