mean_trialAcc,std_trialAcc,median_trialAcc,iqr_trialAcc,mean_macroF1,std_macroF1
0.6273148148148148,0.1185085716312056,0.6736111111111112,0.21875,0.6203426699574763,0.12112927795263487
