subject,trialAcc,macroF1,kappa,ITR
1,0.6354166666666666,0.6348785336199524,0.5138888888888888,0.47572703739519207
2,0.3993055555555556,0.382834138117431,0.19907407407407407,0.0773789104153142
3,0.6979166666666666,0.6998139051063353,0.5972222222222222,0.637386583637769
4,0.4340277777777778,0.3616211289151475,0.24537037037037035,0.11555012739406978
5,0.4375,0.36864481034963753,0.25,0.11975918505585215
6,0.4097222222222222,0.38734424364927866,0.2129629629629629,0.08807747718793091
7,0.5243055555555556,0.5235642507769778,0.3657407407407407,0.2477473888524122
8,0.5729166666666666,0.5729194529583612,0.4305555555555556,0.33848493577499283
9,0.5208333333333334,0.5030652167074277,0.36111111111111116,0.24179150380161096
