mean_trialAcc,std_trialAcc,median_trialAcc,iqr_trialAcc,mean_macroF1,std_macroF1
0.5146604938271605,0.09914297775103319,0.5208333333333334,0.13888888888888884,0.4927428533556166,0.11848478216251099
