subject,trialAcc,macroF1,kappa,ITR
1,0.59375,0.5778767230376047,0.45833333333333337,0.3816195806839777
2,0.3472222222222222,0.2941024449877625,0.12962962962962965,0.03380893243716998
3,0.6041666666666666,0.5853421986866632,0.4722222222222222,0.40415800137104685
4,0.3784722222222222,0.33629904364948704,0.17129629629629628,0.057945928772617616
5,0.5277777777777778,0.49551579225086684,0.37037037037037035,0.25377301368058314
6,0.3368055555555556,0.2647799263838054,0.1157407407407407,0.027132686784210325
7,0.3854166666666667,0.27834922160805364,0.18055555555555558,0.06413048780042252
8,0.4861111111111111,0.45270250394866723,0.31481481481481477,0.18606204848355135
9,0.4965277777777778,0.4674353327852607,0.3287037037037037,0.20205019510945
