mean_trialAcc,std_trialAcc,median_trialAcc,iqr_trialAcc,mean_macroF1,std_macroF1
0.4618055555555556,0.09738742577760476,0.4861111111111111,0.14930555555555558,0.416933687482019,0.11935704608734032
