subject,trialAcc,macroF1,kappa,ITR
1,0.6527777777777778,0.6524116378880553,0.537037037037037,0.5181030298797455
2,0.4652777777777778,0.4246873872890133,0.2870370370370371,0.15596685160386214
3,0.625,0.62283476249374,0.5,0.45120505930460153
4,0.4791666666666667,0.4395400335706801,0.3055555555555556,0.17575139960489605
5,0.4861111111111111,0.43474180960048675,0.31481481481481477,0.18606204848355135
6,0.3472222222222222,0.29565121914464765,0.12962962962962965,0.03380893243716998
7,0.6423611111111112,0.6406013398413021,0.5231481481481481,0.49244995314487583
8,0.7395833333333334,0.738269977302289,0.6527777777777778,0.759874871270215
9,0.5659722222222222,0.5574476907681242,0.4212962962962963,0.32467712401700033
