mean_trialAcc,std_trialAcc,median_trialAcc,iqr_trialAcc,mean_macroF1,std_macroF1
0.5559413580246914,0.11450081723524286,0.5659722222222222,0.16319444444444448,0.5340206508775931,0.13461346016323417
