subject,trialAcc,macroF1,kappa,ITR
1,0.625,0.6226900343080701,0.5,0.45120505930460153
2,0.4166666666666667,0.40996240601503764,0.2222222222222222,0.09556978459483934
3,0.71875,0.706900121498826,0.625,0.6970808592438031
4,0.4583333333333333,0.42826772986161055,0.2777777777777778,0.14649381725673694
5,0.4930555555555556,0.4445209519128325,0.32407407407407407,0.19665121890789106
6,0.4097222222222222,0.378095537834282,0.2129629629629629,0.08807747718793091
7,0.5,0.4867553423021248,0.33333333333333337,0.20751874963942196
8,0.6701388888888888,0.6726473304122458,0.5601851851851851,0.5623981006954295
9,0.5763888888888888,0.5501215878335679,0.43518518518518523,0.34549540028782855
