mean_trialAcc,std_trialAcc,median_trialAcc,iqr_trialAcc,mean_macroF1,std_macroF1
0.5408950617283951,0.10545471367094705,0.5,0.16666666666666669,0.5222178935531774,0.11406791176732667
