subject,trialAcc,macroF1,kappa,ITR
1,0.6319444444444444,0.6285145888594165,0.5092592592592593,0.46747835836122675
2,0.40625,0.39391907187323144,0.20833333333333337,0.08443911179876107
3,0.6944444444444444,0.6945830207551887,0.5925925925925926,0.6277295830422893
4,0.4305555555555556,0.37004581393720126,0.2407407407407407,0.11141187747112058
5,0.3368055555555556,0.2378084634663582,0.1157407407407407,0.027132686784210325
6,0.3819444444444444,0.33479439523149246,0.17592592592592593,0.061001366861040074
7,0.46875,0.4508145363408521,0.29166666666666663,0.16080827259762165
8,0.6423611111111112,0.6370405190882049,0.5231481481481481,0.49244995314487583
9,0.4895833333333333,0.4779491341991342,0.3194444444444444,0.19132183110340129
