mean_trialAcc,std_trialAcc,median_trialAcc,iqr_trialAcc,mean_macroF1,std_macroF1
0.498070987654321,0.12051619451246076,0.46875,0.22569444444444442,0.4694966159723422,0.14600933966924834
