subject,trialAcc,macroF1,kappa,ITR
1,0.5694444444444444,0.5670437227166037,0.42592592592592593,0.3315455581268365
2,0.3854166666666667,0.34457684136846006,0.18055555555555558,0.06413048780042252
3,0.6597222222222222,0.6582371061018353,0.5462962962962963,0.5355882111809418
4,0.4722222222222222,0.4607688557148628,0.2962962962962963,0.1657195414182968
5,0.3541666666666667,0.2548122929701877,0.13888888888888884,0.03864409096411592
6,0.4513888888888889,0.44816886981371357,0.2685185185185185,0.13730103602900234
7,0.4652777777777778,0.46124266144814097,0.2870370370370371,0.15596685160386214
8,0.59375,0.593597645813428,0.45833333333333337,0.3816195806839777
9,0.5069444444444444,0.505368120688109,0.34259259259259256,0.2186645869734627
