mean_trialAcc,std_trialAcc,median_trialAcc,iqr_trialAcc,mean_macroF1,std_macroF1
0.49537037037037035,0.09292475144291225,0.4722222222222222,0.11805555555555552,0.477090679626149,0.1171896354121392
