subject,trialAcc,macroF1,kappa,ITR
1,0.6666666666666666,0.6671559001718115,0.5555555555555556,0.5533833323717918
2,0.3645833333333333,0.34007622811970634,0.1527777777777778,0.04646636011654537
3,0.7152777777777778,0.7160494263456809,0.6203703703703703,0.6869203038330037
4,0.40625,0.3667970602181128,0.20833333333333337,0.08443911179876107
5,0.5069444444444444,0.437388568404693,0.34259259259259256,0.2186645869734627
6,0.40625,0.40296538918597746,0.20833333333333337,0.08443911179876107
7,0.5034722222222222,0.49710754647357097,0.3379629629629629,0.2130568791422356
8,0.6388888888888888,0.64333859054183,0.5185185185185186,0.48405079899575587
9,0.5069444444444444,0.47123680729690226,0.34259259259259256,0.2186645869734627
