mean_trialAcc,std_trialAcc,median_trialAcc,iqr_trialAcc,mean_macroF1,std_macroF1
0.5239197530864197,0.11751469747587799,0.5069444444444444,0.23263888888888884,0.5046795018620317,0.13015271033548415
