mean_trialAcc,std_trialAcc,median_trialAcc,iqr_trialAcc,mean_macroF1,std_macroF1
0.5007716049382717,0.1135059451511989,0.4930555555555556,0.2361111111111111,0.4701259797731818,0.1390260549661161
