subject,trialAcc,macroF1,kappa,ITR
1,0.4479166666666667,0.3381013439857055,0.26388888888888884,0.13280995767278636
2,0.4201388888888889,0.371491026231017,0.22685185185185186,0.09942336985268607
3,0.5486111111111112,0.5197262136457341,0.39814814814814814,0.291394612488004
4,0.3055555555555556,0.20677099349665723,0.07407407407407407,0.011355277206284375
5,0.4097222222222222,0.306076044027099,0.2129629629629629,0.08807747718793091
6,0.25,0.10027855153203342,0.0,0
7,0.34375,0.26973559313948736,0.125,0.031506286506873815
8,0.5625,0.5707232969690217,0.41666666666666663,0.3178794976459969
9,0.4548611111111111,0.41382857163583026,0.27314814814814814,0.1418623532943888
