subject,trialAcc,macroF1,kappa,ITR
1,0.7083333333333334,0.7047605154233755,0.6111111111111112,0.6668548013876316
2,0.3784722222222222,0.35892849475511834,0.17129629629629628,0.057945928772617616
3,0.7013888888888888,0.7017859723619025,0.6018518518518519,0.6471260866070748
4,0.4618055555555556,0.44191839100840796,0.28240740740740744,0.15119534274999946
5,0.3680555555555556,0.2638804774351337,0.15740740740740744,0.04922436511536632
6,0.4861111111111111,0.4866834615808592,0.31481481481481477,0.18606204848355135
7,0.5868055555555556,0.5870934166016133,0.44907407407407407,0.3669548630698991
8,0.6979166666666666,0.7066104499518543,0.5972222222222222,0.637386583637769
9,0.4791666666666667,0.4726999176886508,0.3055555555555556,0.17575139960489605
