mean_trialAcc,std_trialAcc,median_trialAcc,iqr_trialAcc,mean_macroF1,std_macroF1
0.5408950617283952,0.12904732159243512,0.4861111111111111,0.23611111111111105,0.5249290107563239,0.15175791573298525
