subject,trialAcc,macroF1,kappa,ITR
1,0.5590277777777778,0.5521099525885674,0.4120370370370371,0.3111525506581445
2,0.3506944444444444,0.3077678018575851,0.1342592592592593,0.036188318425962374
3,0.71875,0.7148285402110542,0.625,0.6970808592438031
4,0.4166666666666667,0.3784531440781441,0.2222222222222222,0.09556978459483934
5,0.3263888888888889,0.21728834915600356,0.10185185185185186,0.02115735377330008
6,0.5,0.48489547111156717,0.33333333333333337,0.20751874963942196
7,0.5069444444444444,0.4770043681916773,0.34259259259259256,0.2186645869734627
8,0.6111111111111112,0.6138505776339951,0.4814814814814815,0.4195469293557659
9,0.5694444444444444,0.5705536969451204,0.42592592592592593,0.3315455581268365
