mean_trialAcc,std_trialAcc,median_trialAcc,iqr_trialAcc,mean_macroF1,std_macroF1
0.5065586419753086,0.11904366399629147,0.5069444444444444,0.15277777777777773,0.4796391001970794,0.14737899384709877
