subject,trialAcc,macroF1,kappa,ITR
1,0.4895833333333333,0.45007278235126336,0.3194444444444444,0.19132183110340129
2,0.2743055555555556,0.22897657099670038,0.03240740740740744,0.0022263008499583403
3,0.4097222222222222,0.38887922328878594,0.2129629629629629,0.08807747718793091
4,0.3645833333333333,0.31198392723777413,0.1527777777777778,0.04646636011654537
5,0.3159722222222222,0.23702341998969234,0.08796296296296291,0.015894123727547838
6,0.3229166666666667,0.3164130352472507,0.09722222222222221,0.019323238049338665
7,0.3090277777777778,0.2988261508856622,0.07870370370370372,0.012786933282289636
8,0.4409722222222222,0.4181958425640607,0.25462962962962965,0.12403892210078582
9,0.3993055555555556,0.36589980771937064,0.19907407407407407,0.0773789104153142
