mean_trialAcc,std_trialAcc,median_trialAcc,iqr_trialAcc,mean_macroF1,std_macroF1
0.3695987654320987,0.06651037635651218,0.3645833333333333,0.09375,0.33514119558672895,0.07229954879493107
