subject,trialAcc,macroF1,kappa,ITR
1,0.5381944444444444,0.5298472514005602,0.3842592592592593,0.27226886711064346
2,0.4166666666666667,0.4122210272238633,0.2222222222222222,0.09556978459483934
3,0.7256944444444444,0.7296569895869114,0.6342592592592593,0.7176607629810356
4,0.5069444444444444,0.49590181112899284,0.34259259259259256,0.2186645869734627
5,0.2777777777777778,0.154926737464713,0.03703703703703709,0.0028996819407973717
6,0.5104166666666666,0.498734268119291,0.3472222222222222,0.22434188320175852
7,0.4444444444444444,0.43056520075232535,0.2592592592592593,0.1283892175389134
8,0.7048611111111112,0.7039473160348126,0.6064814814814814,0.6569486381375391
9,0.5069444444444444,0.5092508270461364,0.34259259259259256,0.2186645869734627
