mean_trialAcc,std_trialAcc,median_trialAcc,iqr_trialAcc,mean_macroF1,std_macroF1
0.5146604938271605,0.12997822030398498,0.5069444444444444,0.09375,0.4961168254175118,0.15874432922566314
