subject,trialAcc,macroF1,kappa,ITR
1,0.6388888888888888,0.6354607042818257,0.5185185185185186,0.48405079899575587
2,0.3854166666666667,0.3577612223798927,0.18055555555555558,0.06413048780042252
3,0.7777777777777778,0.7709968602825745,0.7037037037037037,0.8835816044422339
4,0.4861111111111111,0.46828950314658124,0.31481481481481477,0.18606204848355135
5,0.4444444444444444,0.34154945906358336,0.2592592592592593,0.1283892175389134
6,0.4236111111111111,0.4141310461511388,0.2314814814814815,0.10334835156654076
7,0.5486111111111112,0.5438551291171956,0.39814814814814814,0.291394612488004
8,0.6909722222222222,0.6857266461274095,0.587962962962963,0.6181545550855092
9,0.4756944444444444,0.4669501397251715,0.30092592592592593,0.17070060062291148
