mean_trialAcc,std_trialAcc,median_trialAcc,iqr_trialAcc,mean_macroF1,std_macroF1
0.541280864197531,0.12595490505636517,0.4861111111111111,0.19444444444444442,0.5205245233639304,0.14111658910166533
