subject,trialAcc,macroF1,kappa,ITR
1,0.6284722222222222,0.6188019288252588,0.5046296296296297,0.459304462202893
2,0.34375,0.33791909008756915,0.125,0.031506286506873815
3,0.7604166666666666,0.7554627518051233,0.6805555555555556,0.825922710434739
4,0.4409722222222222,0.42851370299089225,0.25462962962962965,0.12403892210078582
5,0.4236111111111111,0.322791532212933,0.2314814814814815,0.10334835156654076
6,0.4131944444444444,0.4135199569787307,0.21759259259259256,0.09178776225025342
7,0.5902777777777778,0.5907981972632531,0.4537037037037037,0.37425126204036174
8,0.6006944444444444,0.595092013134386,0.46759259259259256,0.3965727473661025
9,0.5347222222222222,0.538860092174811,0.37962962962962965,0.2660336919317201
