mean_trialAcc,std_trialAcc,median_trialAcc,iqr_trialAcc,mean_macroF1,std_macroF1
0.5262345679012346,0.12422719691163638,0.5347222222222222,0.17708333333333331,0.5113065850525508,0.13633440396036461
