subject,trialAcc,macroF1,kappa,ITR
1,0.5520833333333334,0.5474375803377021,0.4027777777777778,0.29791021816457364
2,0.3541666666666667,0.33994057048976956,0.13888888888888884,0.03864409096411592
3,0.7118055555555556,0.7088348434875804,0.6157407407407407,0.6768451570318379
4,0.5069444444444444,0.45776560864917837,0.34259259259259256,0.2186645869734627
5,0.3888888888888889,0.31200287229341583,0.18518518518518523,0.06733304030661968
6,0.4583333333333333,0.4601595744680851,0.2777777777777778,0.14649381725673694
7,0.5034722222222222,0.4947988555350561,0.3379629629629629,0.2130568791422356
8,0.6666666666666666,0.6688867503799428,0.5555555555555556,0.5533833323717918
9,0.4895833333333333,0.4726453731700234,0.3194444444444444,0.19132183110340129
