mean_trialAcc,std_trialAcc,median_trialAcc,iqr_trialAcc,mean_macroF1,std_macroF1
0.5146604938271604,0.1100179853249233,0.5034722222222222,0.09375000000000006,0.4958302254234171,0.12442616685750124
