subject,trialAcc,macroF1,kappa,ITR
1,0.6076388888888888,0.5961000321759815,0.47685185185185186,0.4118159872454761
2,0.3541666666666667,0.33126631736347345,0.13888888888888884,0.03864409096411592
3,0.6840277777777778,0.6799927981528529,0.5787037037037037,0.5992483774651955
4,0.5,0.448765263072492,0.33333333333333337,0.20751874963942196
5,0.4236111111111111,0.3248026109416609,0.2314814814814815,0.10334835156654076
6,0.4513888888888889,0.45336882720743477,0.2685185185185185,0.13730103602900234
7,0.53125,0.5226073762838469,0.375,0.2598684288926938
8,0.6701388888888888,0.6740426354842586,0.5601851851851851,0.5623981006954295
9,0.5104166666666666,0.4969163746173437,0.3472222222222222,0.22434188320175852
