mean_trialAcc,std_trialAcc,median_trialAcc,iqr_trialAcc,mean_macroF1,std_macroF1
0.5258487654320987,0.10484745525594462,0.5104166666666666,0.15624999999999994,0.5030958039221495,0.12307290254200709
